type,name,module,path,hash
"csv","agent-manifest","_config","_config/agent-manifest.csv","e9a4008fb8662445802c0b471a16b9cb52e64f9ba35fba63d8324521ebb24f6e"
"yaml","manifest","_config","_config/manifest.yaml","f7b86074cb9543427345174c84d1e361726bd52dd5388776522e87569aab3d27"
"csv","module-help","bmb","bmb/bmad-bmb-setup/assets/module-help.csv","a92431fa63e7c2e97f315337f0291a49e67492957f2fdf1df4483beda4b18ae1"
"csv","module-help","bmb","bmb/bmad-module-builder/assets/setup-skill-template/assets/module-help.csv","881ab6b3a6fe6ad9803602fec2e385561d6f9794452de98f14f334906a437818"
"csv","module-help","bmb","bmb/module-help.csv","a92431fa63e7c2e97f315337f0291a49e67492957f2fdf1df4483beda4b18ae1"
"md","autonomous-wake","bmb","bmb/bmad-agent-builder/assets/autonomous-wake.md","478eff75c18872b17b7d361c969ce840c2db9955715a2f8b60a644bebb6049e8"
"md","build-process","bmb","bmb/bmad-agent-builder/build-process.md","50ed4f179814af0de07bfc22cc6efe8396c10f98a6c24011b39d1a4e5190d5b3"
"md","build-process","bmb","bmb/bmad-workflow-builder/build-process.md","2dd35d8afb15c021cb9d7b9020cec6b149e45c507aeac33f74e4ba92ae790b58"
"md","classification-reference","bmb","bmb/bmad-workflow-builder/references/classification-reference.md","85fab31d7872abd72e2766b9b29a79fb02ee3c19b63d14ac9a10f8900bcb5ae8"
"md","complex-workflow-patterns","bmb","bmb/bmad-workflow-builder/references/complex-workflow-patterns.md","dacc747442e4ec80878dfa298451a864e169926a97809719da57d59ab39e5eb7"
"md","convert-process","bmb","bmb/bmad-workflow-builder/references/convert-process.md","c6d192de8f0fdfa6f0f1b453f1fc1e1fb4899b2d2c3390a45f2bdc5c03f4c406"
"md","create-module","bmb","bmb/bmad-module-builder/references/create-module.md","ac61923c709aa0aeb396c1926eaf4fc608bd6d4df063ae88d77f9cf486ce1175"
"md","ideate-module","bmb","bmb/bmad-module-builder/references/ideate-module.md","788f88c6d8882f5d173e8cc8f0208d4f19fe46de3c2c6184eaf700ceb4b28231"
"md","init-template","bmb","bmb/bmad-agent-builder/assets/init-template.md","5aa1f3c433c9975c1b89d332b9a44a1094ad82dfc58cfe3e51d003c49f24b47f"
"md","memory-system","bmb","bmb/bmad-agent-builder/assets/memory-system.md","e134446f1a74b373ee4d7788e3350ff8dcc4d12b9552714171ef907123781fae"
"md","module-plan-template","bmb","bmb/bmad-module-builder/assets/module-plan-template.md","58f316215b530ca17fedd80d49eba22864f134b6f3fbed6b4762c93eb9edd532"
"md","module-setup","bmb","bmb/bmad-module-builder/assets/standalone-module-template/module-setup.md","0542cd79bc7c11e76d1c0b1a483669db3fa4a821efb76c092a6e84c1566dca4a"
"md","quality-analysis","bmb","bmb/bmad-agent-builder/quality-analysis.md","4663c0e73c33cf23107e9a9c65e3b640ce8cc15d7dcc9eace780ce9549c45774"
"md","quality-analysis","bmb","bmb/bmad-workflow-builder/quality-analysis.md","d30ea45841ec838c735de354aebc619af1fe709011e761c91c67c68cd700ad3f"
"md","quality-dimensions","bmb","bmb/bmad-agent-builder/references/quality-dimensions.md","15681c079b4f3daf8e3b39938bc53dd19122d2f4c58c5079b1494a8660059b12"
"md","quality-dimensions","bmb","bmb/bmad-workflow-builder/references/quality-dimensions.md","97d815b1912e4c4ae5bbec95d426ca329e9696f3d34cf77625b1c94f073d698a"
"md","quality-scan-agent-cohesion","bmb","bmb/bmad-agent-builder/quality-scan-agent-cohesion.md","5bdd0e2b243a42fbf848f9349d9bb5121208e0ec6723e182df1c1fe79382d704"
"md","quality-scan-enhancement-opportunities","bmb","bmb/bmad-agent-builder/quality-scan-enhancement-opportunities.md","f1c2b570bb02de7a7718627e39c42016b7c5b5fc24ecf4b7acfbf08f7f6a004f"
"md","quality-scan-enhancement-opportunities","bmb","bmb/bmad-workflow-builder/quality-scan-enhancement-opportunities.md","674ee150cf6502e27bb9d60548927d7d1feab7ce7550fe6d49e001cdad3cf85b"
"md","quality-scan-execution-efficiency","bmb","bmb/bmad-agent-builder/quality-scan-execution-efficiency.md","36d3629e4be0c519d0d585b4a1e3e24afd91f9b6770b0f6df436ffa7695bed56"
"md","quality-scan-execution-efficiency","bmb","bmb/bmad-workflow-builder/quality-scan-execution-efficiency.md","59382e8ed13f332cc795fc445bd830b302365c7ad38c366908cceee2fa9b8c84"
"md","quality-scan-prompt-craft","bmb","bmb/bmad-agent-builder/quality-scan-prompt-craft.md","78ffb37de310756af9649ee89458073f1f6fd962765e28ddd015a460e2be7ab3"
"md","quality-scan-prompt-craft","bmb","bmb/bmad-workflow-builder/quality-scan-prompt-craft.md","9fb93ce8553f5ce6b314403c5c9c8aee48cbfe0423037d4f0901e205310a4ffd"
"md","quality-scan-script-opportunities","bmb","bmb/bmad-agent-builder/quality-scan-script-opportunities.md","1143d75c66af9d4b65eaede8cbb29255e8837a2b34097f4bcc990b1067d7e323"
"md","quality-scan-script-opportunities","bmb","bmb/bmad-workflow-builder/quality-scan-script-opportunities.md","0fee294ee92371270ab7f0e1de04faed11d8c83c9999089653a3b8ac63e8276c"
"md","quality-scan-skill-cohesion","bmb","bmb/bmad-workflow-builder/quality-scan-skill-cohesion.md","515ba9e80a7450348b12bf56df2549d0369781ee4ca1c7e040476d9e423dc31d"
"md","quality-scan-structure","bmb","bmb/bmad-agent-builder/quality-scan-structure.md","5a4d97d6a0212fe5c0cb5facbb5374d53cef06b43e3cabed1529dd6a2e2a2948"
"md","quality-scan-workflow-integrity","bmb","bmb/bmad-workflow-builder/quality-scan-workflow-integrity.md","a945204aebf91ce045fd20c09c84be18723d896d219287725c6a41607e0f7a06"
"md","report-quality-scan-creator","bmb","bmb/bmad-agent-builder/report-quality-scan-creator.md","7512b7313d030e547b83ff5b75a9a092b0149a95a8d4d27000ab3673b3c1f7de"
"md","report-quality-scan-creator","bmb","bmb/bmad-workflow-builder/report-quality-scan-creator.md","a8f35934e5ae9cf0e59114bf46d7001225d90214f1445f7ed4333c2f8b63703c"
"md","save-memory","bmb","bmb/bmad-agent-builder/assets/save-memory.md","1671c32824b4acd2b66efbf5efb163205939a2b2d33b9ec3c637173cd6d12c32"
"md","script-opportunities-reference","bmb","bmb/bmad-agent-builder/references/script-opportunities-reference.md","9884a62c0f48fb7957d996f64c2b4568c2349f35e7adc77a746c3f0296ca6739"
"md","script-opportunities-reference","bmb","bmb/bmad-workflow-builder/references/script-opportunities-reference.md","061922623e173f7840d4408201137ff289107f54e3ad2a1c7d789ef15f57783a"
"md","script-standards","bmb","bmb/bmad-agent-builder/references/script-standards.md","7d89eec17ccb44beb4fb09f13733088ec71d5101a4ed8fc6b5d6005fd843ccaf"
"md","script-standards","bmb","bmb/bmad-workflow-builder/references/script-standards.md","7d89eec17ccb44beb4fb09f13733088ec71d5101a4ed8fc6b5d6005fd843ccaf"
"md","SKILL","bmb","bmb/bmad-agent-builder/SKILL.md","9552f81a0522c74f955e40684898d1d630a06acb10bfe649375a722617c64aaf"
"md","SKILL","bmb","bmb/bmad-bmb-setup/SKILL.md","ae569713f26bfdc230a01132fdcc88bc4b3415ff8e9d7b2e1a645cf2b767641a"
"md","SKILL","bmb","bmb/bmad-module-builder/assets/setup-skill-template/SKILL.md","ed392587c4e4713dd65ca86aa454c85703f6dacebc4d8fde147ae0ad906b74d5"
"md","SKILL","bmb","bmb/bmad-module-builder/SKILL.md","83e306b922e1c4071f40561aaac92c883604d5d035fe7572fc45e440fa599e2b"
"md","SKILL","bmb","bmb/bmad-workflow-builder/SKILL.md","d9dffcc717728b98e6af9700218f62b6ef09e466b173cd717c38fde4ee7e866a"
"md","skill-best-practices","bmb","bmb/bmad-agent-builder/references/skill-best-practices.md","7c8c11bc19f53a2dd20327bac73cb2bca161f0b11db5823386aec2762ec745ff"
"md","skill-best-practices","bmb","bmb/bmad-workflow-builder/references/skill-best-practices.md","3917671ff5a00033be61e94b737f5046e75b06734ae728e301846180c43121e0"
"md","SKILL-template","bmb","bmb/bmad-agent-builder/assets/SKILL-template.md","5153a3fcf5b1008e27daf883632b8569949cff1cdba22821f9eee784cc704ca9"
"md","SKILL-template","bmb","bmb/bmad-workflow-builder/assets/SKILL-template.md","6d80055d5828121544b406e4e84b84cd86a3744f2245672150ebc6f81161fcb1"
"md","standard-fields","bmb","bmb/bmad-agent-builder/references/standard-fields.md","13710d5179d92377d36dc4354bd34d8e1674b9202b72122ca3d4be4b31fbf402"
"md","standard-fields","bmb","bmb/bmad-workflow-builder/references/standard-fields.md","f53bf618a38aa7dce287fc42092dda494bf1ac128fdc0a7529a85a950940f454"
"md","template-substitution-rules","bmb","bmb/bmad-agent-builder/references/template-substitution-rules.md","2e933279287dfc2da4abc680a0d59364adc7c5f925422980726515feedee2804"
"md","template-substitution-rules","bmb","bmb/bmad-workflow-builder/references/template-substitution-rules.md","2622d6c3210a603e0223d7d526a0ddb97ebdcaf24d34978132dfbcad8a2f7a0c"
"md","validate-module","bmb","bmb/bmad-module-builder/references/validate-module.md","000651d721a1c8488d8c79ce0d20ea0e96ccc2ef1bd8eca68e420483be1b7d94"
"py","cleanup-legacy","bmb","bmb/bmad-bmb-setup/scripts/cleanup-legacy.py","6c9f8e446cd8999ca45207a12c47d57993db10fd3f9f7fbe620754de5b75e1ad"
"py","cleanup-legacy","bmb","bmb/bmad-module-builder/assets/setup-skill-template/scripts/cleanup-legacy.py","6c9f8e446cd8999ca45207a12c47d57993db10fd3f9f7fbe620754de5b75e1ad"
"py","generate-convert-report","bmb","bmb/bmad-workflow-builder/scripts/generate-convert-report.py","510f5c0d420f330bd01121ac1f3f827d5ef765c769dc542416c843f987e69abf"
"py","generate-html-report","bmb","bmb/bmad-agent-builder/scripts/generate-html-report.py","6acedd49af6366e95e609fefaae0cafeb772ef1828684224caa786b724dc17a7"
"py","generate-html-report","bmb","bmb/bmad-workflow-builder/scripts/generate-html-report.py","99e38f0e7c5d69846c4ab6ba02ce5f96b2f7e9205e155945bd045292814e0f8a"
"py","merge-config","bmb","bmb/bmad-bmb-setup/scripts/merge-config.py","4d2d116d4e3812c80dc1c2468f069f33de2e260b524ab244ebdec53390474801"
"py","merge-config","bmb","bmb/bmad-module-builder/assets/setup-skill-template/scripts/merge-config.py","4d2d116d4e3812c80dc1c2468f069f33de2e260b524ab244ebdec53390474801"
"py","merge-config","bmb","bmb/bmad-module-builder/assets/standalone-module-template/merge-config.py","4d2d116d4e3812c80dc1c2468f069f33de2e260b524ab244ebdec53390474801"
"py","merge-help-csv","bmb","bmb/bmad-bmb-setup/scripts/merge-help-csv.py","59c481c05c949749e98b0be5bcc6bc053332a4d152493b4a2800fac0ceda8e4d"
"py","merge-help-csv","bmb","bmb/bmad-module-builder/assets/setup-skill-template/scripts/merge-help-csv.py","59c481c05c949749e98b0be5bcc6bc053332a4d152493b4a2800fac0ceda8e4d"
"py","merge-help-csv","bmb","bmb/bmad-module-builder/assets/standalone-module-template/merge-help-csv.py","59c481c05c949749e98b0be5bcc6bc053332a4d152493b4a2800fac0ceda8e4d"
"py","prepass-execution-deps","bmb","bmb/bmad-agent-builder/scripts/prepass-execution-deps.py","8f2bead4c86e841929ccab89f95e080d03ed90ffd0424a05ec2b42169a6cfc83"
"py","prepass-execution-deps","bmb","bmb/bmad-workflow-builder/scripts/prepass-execution-deps.py","d9b328c036cc944c5955e48ac506ed385b3bac4083e81de8fda321875d220dbf"
"py","prepass-prompt-metrics","bmb","bmb/bmad-agent-builder/scripts/prepass-prompt-metrics.py","f6735e9d2424ed6a22eb12956857d5ef2a7433199de166c285f13886b94006d5"
"py","prepass-prompt-metrics","bmb","bmb/bmad-workflow-builder/scripts/prepass-prompt-metrics.py","c64a3f92520342c1c7e022eca6882b9a1bee4e6d1354a2fa6d742b5a1e4830ef"
"py","prepass-structure-capabilities","bmb","bmb/bmad-agent-builder/scripts/prepass-structure-capabilities.py","fbb96219840cff68bdfb1ed56aef13530c0cfe088f6f0d98e02ae704d925fade"
"py","prepass-workflow-integrity","bmb","bmb/bmad-workflow-builder/scripts/prepass-workflow-integrity.py","e14444c3ab9a9615d535c9d026753475768b4f3747731e1cde0c0e91a026f593"
"py","scaffold-setup-skill","bmb","bmb/bmad-module-builder/scripts/scaffold-setup-skill.py","f804936926401d2443ea6c5888f7c3c32058e07662485e3ecd44666fd14efcad"
"py","scaffold-standalone-module","bmb","bmb/bmad-module-builder/scripts/scaffold-standalone-module.py","ccda25bf7ab34f28d2a6d6f3dd4b730986b844e82cfca4111d2334bd17675ff4"
"py","scan-path-standards","bmb","bmb/bmad-agent-builder/scripts/scan-path-standards.py","cca2992679aa96f747f8cc3a22dcfa4fff56be89a8369034f8e26dc472d8c5ee"
"py","scan-path-standards","bmb","bmb/bmad-workflow-builder/scripts/scan-path-standards.py","3f7c6e52d5a023b51d599c6eb997f47c71c2ff9476c12e284b6c1d65546ef0f5"
"py","scan-scripts","bmb","bmb/bmad-agent-builder/scripts/scan-scripts.py","d615afcff675655a60e5c9772c4a45aa4b97caac1ca8e1d81dab0b82bf95269b"
"py","scan-scripts","bmb","bmb/bmad-workflow-builder/scripts/scan-scripts.py","d615afcff675655a60e5c9772c4a45aa4b97caac1ca8e1d81dab0b82bf95269b"
"py","test_generate_convert_report","bmb","bmb/bmad-workflow-builder/scripts/tests/test_generate_convert_report.py","8abce204247daaf3cd061b0a15f984f770b1baf3454ed915f0434b5437b69e65"
"py","test-scaffold-setup-skill","bmb","bmb/bmad-module-builder/scripts/tests/test-scaffold-setup-skill.py","9efa964413d8e75569bc0766c9cf22bce694b94a0d0142b646b0da2511026ddf"
"py","test-scaffold-standalone-module","bmb","bmb/bmad-module-builder/scripts/tests/test-scaffold-standalone-module.py","049fa0177f20e76be6540ae651ee6612b44bfd23a67d91386a974f706f33fffe"
"py","test-validate-module","bmb","bmb/bmad-module-builder/scripts/tests/test-validate-module.py","809f7ba01acb89be2c0faa60d3ec6cb43d587bd8418e5cb3399b794b29b06148"
"py","validate-module","bmb","bmb/bmad-module-builder/scripts/validate-module.py","d80425186f5778e3cc851aa83f2b0f5fd35c8cff4151d0bb81e62fee3f53289e"
"yaml","config","bmb","bmb/config.yaml","6d2eb04ea31b0abdeccdda3c6a73c30459c6280c1cc4ec3288e9261828702514"
"yaml","module","bmb","bmb/bmad-bmb-setup/assets/module.yaml","839af95d4bc13ba702523463017f8036a86352734e08da6d67fb3ce813fcb8e7"
"yaml","module","bmb","bmb/bmad-module-builder/assets/setup-skill-template/assets/module.yaml","4062c41ba4f4333735d7ac4f15f3823b09a964437817ce3e44eb0f766eaf1fbc"
"csv","documentation-requirements","bmm","bmm/1-analysis/bmad-document-project/documentation-requirements.csv","d1253b99e88250f2130516b56027ed706e643bfec3d99316727a4c6ec65c6c1d"
"csv","domain-complexity","bmm","bmm/2-plan-workflows/bmad-create-prd/data/domain-complexity.csv","f775f09fb4dc1b9214ca22db4a3994ce53343d976d7f6e5384949835db6d2770"
"csv","domain-complexity","bmm","bmm/2-plan-workflows/bmad-validate-prd/data/domain-complexity.csv","f775f09fb4dc1b9214ca22db4a3994ce53343d976d7f6e5384949835db6d2770"
"csv","domain-complexity","bmm","bmm/2-plan-workflows/create-prd/data/domain-complexity.csv","f775f09fb4dc1b9214ca22db4a3994ce53343d976d7f6e5384949835db6d2770"
"csv","domain-complexity","bmm","bmm/3-solutioning/bmad-create-architecture/data/domain-complexity.csv","3dc34ed39f1fc79a51f7b8fc92087edb7cd85c4393a891d220f2e8dd5a101c70"
"csv","module-help","bmm","bmm/module-help.csv","ad71cf7e25bbc28fcd191f65b2d7792836c2821ac4555332f49862ed1fdce5cb"
"csv","project-types","bmm","bmm/2-plan-workflows/bmad-create-prd/data/project-types.csv","7a01d336e940fb7a59ff450064fd1194cdedda316370d939264a0a0adcc0aca3"
"csv","project-types","bmm","bmm/2-plan-workflows/bmad-validate-prd/data/project-types.csv","7a01d336e940fb7a59ff450064fd1194cdedda316370d939264a0a0adcc0aca3"
"csv","project-types","bmm","bmm/2-plan-workflows/create-prd/data/project-types.csv","7a01d336e940fb7a59ff450064fd1194cdedda316370d939264a0a0adcc0aca3"
"csv","project-types","bmm","bmm/3-solutioning/bmad-create-architecture/data/project-types.csv","12343635a2f11343edb1d46906981d6f5e12b9cad2f612e13b09460b5e5106e7"
"json","bmad-manifest","bmm","bmm/1-analysis/bmad-product-brief/bmad-manifest.json","692d2c28e128e5b79ec9e321e8106fa34a314bf8f5581d7ab99b876d2d3ab070"
"json","project-scan-report-schema","bmm","bmm/1-analysis/bmad-document-project/templates/project-scan-report-schema.json","8466965321f1db22f5013869636199f67e0113706283c285a7ffbbf5efeea321"
"md","architecture-decision-template","bmm","bmm/3-solutioning/bmad-create-architecture/architecture-decision-template.md","5d9adf90c28df61031079280fd2e49998ec3b44fb3757c6a202cda353e172e9f"
"md","artifact-analyzer","bmm","bmm/1-analysis/bmad-product-brief/agents/artifact-analyzer.md","dcd8c4bb367fa48ff99c26565d164323b2ae057b09642ba7d1fda1683262be2d"
"md","brief-template","bmm","bmm/1-analysis/bmad-product-brief/resources/brief-template.md","d42f0ef6b154b5c314090be393febabd61de3d8de1ecf926124d40d418552b4b"
"md","checklist","bmm","bmm/1-analysis/bmad-document-project/checklist.md","581b0b034c25de17ac3678db2dbafedaeb113de37ddf15a4df6584cf2324a7d7"
"md","checklist","bmm","bmm/4-implementation/bmad-correct-course/checklist.md","d068cfc00d8e4a6bb52172a90eb2e7a47f2441ffb32cdee15eeca220433284a3"
"md","checklist","bmm","bmm/4-implementation/bmad-create-story/checklist.md","b94e28e774c3be0288f04ea163424bece4ddead5cd3f3680d1603ed07383323a"
"md","checklist","bmm","bmm/4-implementation/bmad-dev-story/checklist.md","630b68c6824a8785003a65553c1f335222b17be93b1bd80524c23b38bde1d8af"
"md","checklist","bmm","bmm/4-implementation/bmad-qa-generate-e2e-tests/checklist.md","83cd779c6527ff34184dc86f9eebfc0a8a921aee694f063208aee78f80a8fb12"
"md","checklist","bmm","bmm/4-implementation/bmad-sprint-planning/checklist.md","80b10aedcf88ab1641b8e5f99c9a400c8fd9014f13ca65befc5c83992e367dd7"
"md","contextual-discovery","bmm","bmm/1-analysis/bmad-product-brief/prompts/contextual-discovery.md","96e1cbe24bece94e8a81b7966cb2dd470472aded69dcf906f4251db74dd72a03"
"md","deep-dive-instructions","bmm","bmm/1-analysis/bmad-document-project/workflows/deep-dive-instructions.md","da91056a0973a040fe30c2c0be074e5805b869a9a403b960983157e876427306"
"md","deep-dive-template","bmm","bmm/1-analysis/bmad-document-project/templates/deep-dive-template.md","6198aa731d87d6a318b5b8d180fc29b9aa53ff0966e02391c17333818e94ffe9"
"md","deep-dive-workflow","bmm","bmm/1-analysis/bmad-document-project/workflows/deep-dive-workflow.md","a64d98dfa3b771df2853c4fa19a4e9c90d131e409e13b4c6f5e494d6ac715125"
"md","discover-inputs","bmm","bmm/4-implementation/bmad-create-story/discover-inputs.md","dfedba6a8ea05c9a91c6d202c4b29ee3ea793d8ef77575034787ae0fef280507"
"md","draft-and-review","bmm","bmm/1-analysis/bmad-product-brief/prompts/draft-and-review.md","ab191df10103561a9ab7ed5c8f29a8ec4fce25e4459da8e9f3ec759f236f4976"
"md","epics-template","bmm","bmm/3-solutioning/bmad-create-epics-and-stories/templates/epics-template.md","a804f740155156d89661fa04e7a4264a8f712c4dc227c44fd8ae804a9b0f6b72"
"md","explain-concept","bmm","bmm/1-analysis/bmad-agent-tech-writer/explain-concept.md","6ea82dbe4e41d4bb8880cbaa62d936e40cef18f8c038be73ae6e09c462abafc9"
"md","finalize","bmm","bmm/1-analysis/bmad-product-brief/prompts/finalize.md","ca6d125ff9b536c9e7737c7b4a308ae4ec622ee7ccdc6c4c4abc8561089295ee"
"md","full-scan-instructions","bmm","bmm/1-analysis/bmad-document-project/workflows/full-scan-instructions.md","0544abae2476945168acb0ed48dd8b3420ae173cf46194fe77d226b3b5e7d7ae"
"md","full-scan-workflow","bmm","bmm/1-analysis/bmad-document-project/workflows/full-scan-workflow.md","3bff88a392c16602bd44730f32483505e73e65e46e82768809c13a0a5f55608b"
"md","guided-elicitation","bmm","bmm/1-analysis/bmad-product-brief/prompts/guided-elicitation.md","445b7fafb5c1c35a238958d015d413c71ebb8fd3e29dc59d9d68fb581546ee54"
"md","index-template","bmm","bmm/1-analysis/bmad-document-project/templates/index-template.md","42c8a14f53088e4fda82f26a3fe41dc8a89d4bcb7a9659dd696136378b64ee90"
"md","instructions","bmm","bmm/1-analysis/bmad-document-project/instructions.md","9f4bc3a46559ffd44289b0d61a0f8f26f829783aa1c0e2a09dfa807fa93eb12f"
"md","mermaid-gen","bmm","bmm/1-analysis/bmad-agent-tech-writer/mermaid-gen.md","1d83fcc5fa842bc31ecd9fd7e45fbf013fabcadf0022d3391fff5b53b48e4b5d"
"md","opportunity-reviewer","bmm","bmm/1-analysis/bmad-product-brief/agents/opportunity-reviewer.md","3b6d770c45962397bfecce5d4b001b03fc0e577aa75f7932084b56efe41edc07"
"md","prd-purpose","bmm","bmm/2-plan-workflows/bmad-create-prd/data/prd-purpose.md","49c4641b91504bb14e3887029b70beacaff83a2de200ced4f8cb11c1356ecaee"
"md","prd-purpose","bmm","bmm/2-plan-workflows/bmad-validate-prd/data/prd-purpose.md","49c4641b91504bb14e3887029b70beacaff83a2de200ced4f8cb11c1356ecaee"
"md","prd-purpose","bmm","bmm/2-plan-workflows/create-prd/data/prd-purpose.md","49c4641b91504bb14e3887029b70beacaff83a2de200ced4f8cb11c1356ecaee"
"md","prd-template","bmm","bmm/2-plan-workflows/bmad-create-prd/templates/prd-template.md","7ccccab9c06a626b7a228783b0b9b6e4172e9ec0b10d47bbfab56958c898f837"
"md","project-context-template","bmm","bmm/3-solutioning/bmad-generate-project-context/project-context-template.md","54e351394ceceb0ac4b5b8135bb6295cf2c37f739c7fd11bb895ca16d79824a5"
"md","project-overview-template","bmm","bmm/1-analysis/bmad-document-project/templates/project-overview-template.md","a7c7325b75a5a678dca391b9b69b1e3409cfbe6da95e70443ed3ace164e287b2"
"md","readiness-report-template","bmm","bmm/3-solutioning/bmad-check-implementation-readiness/templates/readiness-report-template.md","0da97ab1e38818e642f36dc0ef24d2dae69fc6e0be59924dc2dbf44329738ff6"
"md","research.template","bmm","bmm/1-analysis/research/bmad-domain-research/research.template.md","507bb6729476246b1ca2fca4693986d286a33af5529b6cd5cb1b0bb5ea9926ce"
"md","research.template","bmm","bmm/1-analysis/research/bmad-market-research/research.template.md","507bb6729476246b1ca2fca4693986d286a33af5529b6cd5cb1b0bb5ea9926ce"
"md","research.template","bmm","bmm/1-analysis/research/bmad-technical-research/research.template.md","507bb6729476246b1ca2fca4693986d286a33af5529b6cd5cb1b0bb5ea9926ce"
"md","skeptic-reviewer","bmm","bmm/1-analysis/bmad-product-brief/agents/skeptic-reviewer.md","fc1642dff30b49032db63f6518c5b34d3932c9efefaea2681186eb963b207b97"
"md","SKILL","bmm","bmm/1-analysis/bmad-agent-analyst/SKILL.md","c3188cf154cea26180baa9e0718a071fcb83d29aa881d9e9b76dbb01890ece81"
"md","SKILL","bmm","bmm/1-analysis/bmad-agent-tech-writer/SKILL.md","ecac70770f81480a43ac843d11d497800090219a34f7666cd8b2f501be297f88"
"md","SKILL","bmm","bmm/1-analysis/bmad-document-project/SKILL.md","f4020613aec74bfeed2661265df35bb8a6f5ef9478c013182e6b5493bed5ce75"
"md","SKILL","bmm","bmm/1-analysis/bmad-product-brief/SKILL.md","0324676e912b28089314836f15c8da012e9fd83cddd4ea1cb7a781688f2e8dbd"
"md","SKILL","bmm","bmm/1-analysis/research/bmad-domain-research/SKILL.md","7b23a45014c45d58616fa24471b9cb315ec5d2b1e4022bc4b9ca83b2dee5588a"
"md","SKILL","bmm","bmm/1-analysis/research/bmad-market-research/SKILL.md","b4a5b2b70cb100c5cea2c69257449ba0b0da3387abeba45c8b50bd2efc600495"
"md","SKILL","bmm","bmm/1-analysis/research/bmad-technical-research/SKILL.md","7bfe56456a8d2676bf2469e8184a8e27fa22a482aefaa4cb2892d7ed8820e8bc"
"md","SKILL","bmm","bmm/2-plan-workflows/bmad-agent-pm/SKILL.md","5f09be0854c9c5a46e32f38ba38ac1ed6781195c50b92dcd3720c59d33e9878d"
"md","SKILL","bmm","bmm/2-plan-workflows/bmad-agent-ux-designer/SKILL.md","452c4eb335a4728c1a7264b4fb179e53b1f34ae1c57583e7a65b1fde17b4bc3a"
"md","SKILL","bmm","bmm/2-plan-workflows/bmad-create-prd/SKILL.md","24de81d7553bb136d1dfb595a3f2fbd45930ece202ea2ac258eb349b4af17b5f"
"md","SKILL","bmm","bmm/2-plan-workflows/bmad-create-ux-design/SKILL.md","ef05bacf1fbb599bd87b2780f6a5f85cfc3b4ab7e7eb2c0f5376899a1663c5a5"
"md","SKILL","bmm","bmm/2-plan-workflows/bmad-edit-prd/SKILL.md","d18f34c8efcaeb90204989c79f425585d0e872ac02f231f3832015b100d0d04b"
"md","SKILL","bmm","bmm/2-plan-workflows/bmad-validate-prd/SKILL.md","34241cb23b07aae6e931899abb998974ccdb1a2586c273f2f448aff8a0407c52"
"md","SKILL","bmm","bmm/3-solutioning/bmad-agent-architect/SKILL.md","1039d1e9219b8f5e671b419f043dca52f0e19f94d3e50316c5a8917bc748aa41"
"md","SKILL","bmm","bmm/3-solutioning/bmad-check-implementation-readiness/SKILL.md","307f083fc05c9019b5e12317576965acbcfbd4774cf64ef56c7afcb15d00a199"
"md","SKILL","bmm","bmm/3-solutioning/bmad-create-architecture/SKILL.md","ed60779d105d4d55f9d182fcdfd4a48b361330cd15120fef8b9d8a2a2432e3bf"
"md","SKILL","bmm","bmm/3-solutioning/bmad-create-epics-and-stories/SKILL.md","ec3675d2ab763e7050e5cc2975326b4a37c68ebbc2f4d27458d552f4071939d4"
"md","SKILL","bmm","bmm/3-solutioning/bmad-generate-project-context/SKILL.md","504447984a6c5ea30a14e4dacdd6627dc6bec67d6d51eddd2f328d74db8e6a82"
"md","SKILL","bmm","bmm/4-implementation/bmad-agent-dev/SKILL.md","8e387e4f89ba512eefc4dfeaced01d427577bfa5e2fc6244c758205095cddf11"
"md","SKILL","bmm","bmm/4-implementation/bmad-agent-qa/SKILL.md","65c2c82351febd52ed94566753ff57b15631e60ba7408e61aa92799815feb32d"
"md","SKILL","bmm","bmm/4-implementation/bmad-agent-quick-flow-solo-dev/SKILL.md","aa548300965db095ea3bdc5411c398fc6a6640172ed5ce22555beaddbd05c6d1"
"md","SKILL","bmm","bmm/4-implementation/bmad-agent-sm/SKILL.md","83472c98a2b5de7684ea1f0abe5fedb3c7056053b9e65c7fdd5398832fff9e43"
"md","SKILL","bmm","bmm/4-implementation/bmad-code-review/SKILL.md","baca10e0257421b41bb07dc23cd4768e57f55f1aebe7b19e702d0b77a7f39a01"
"md","SKILL","bmm","bmm/4-implementation/bmad-correct-course/SKILL.md","400a2fd76a3818b9023a1a69a6237c20b93b5dd51dce1d507a38c10baaaba8cd"
"md","SKILL","bmm","bmm/4-implementation/bmad-create-story/SKILL.md","b1d6b9fbfee53246b46ae1096ada624d1e60c21941e2054fee81c46e1ec079d5"
"md","SKILL","bmm","bmm/4-implementation/bmad-dev-story/SKILL.md","60df7fead13be7cc33669f34fe4d929d95655f8e839f7e5cd5bb715313e17133"
"md","SKILL","bmm","bmm/4-implementation/bmad-qa-generate-e2e-tests/SKILL.md","2915faf44ebc7bb2783c206bf1e4b82bbff6b35651aa01e33b270ab244ce2dc6"
"md","SKILL","bmm","bmm/4-implementation/bmad-quick-dev/SKILL.md","e4af8798c1cf8bd4f564520270e287a2aa52c1030de76c9c4e04208ae5cdf12d"
"md","SKILL","bmm","bmm/4-implementation/bmad-retrospective/SKILL.md","d5bfc70a01ac9f131716827b5345cf3f7bfdda562c7c66ea2c7a7bd106f44e23"
"md","SKILL","bmm","bmm/4-implementation/bmad-sprint-planning/SKILL.md","7b5f68dcf95c8c9558bda0e4ba55637b0e8f9254577d7ac28072bb9f22c63d94"
"md","SKILL","bmm","bmm/4-implementation/bmad-sprint-status/SKILL.md","fc393cadb4a05050cb847471babbc10ecb65f0cb85da6e61c2cec65bb5dfc73d"
"md","source-tree-template","bmm","bmm/1-analysis/bmad-document-project/templates/source-tree-template.md","109bc335ebb22f932b37c24cdc777a351264191825444a4d147c9b82a1e2ad7a"
"md","spec-template","bmm","bmm/4-implementation/bmad-quick-dev/spec-template.md","714bb6eab8684240af0032dae328942887d8ffbe8ee1de66e986f86076694e5d"
"md","step-01-clarify-and-route","bmm","bmm/4-implementation/bmad-quick-dev/step-01-clarify-and-route.md","10565e87d85c31f6cce36734006e804c349e2bdf3ff26c47f2c72a4e34b4b28a"
"md","step-01-discover","bmm","bmm/3-solutioning/bmad-generate-project-context/steps/step-01-discover.md","8b2c8c7375f8a3c28411250675a28c0d0a9174e6c4e67b3d53619888439c4613"
"md","step-01-document-discovery","bmm","bmm/3-solutioning/bmad-check-implementation-readiness/steps/step-01-document-discovery.md","56e748671877fa3e34ffaab5c531801e7b72b6b59ee29a2f479e5f904a93d7af"
"md","step-01-gather-context","bmm","bmm/4-implementation/bmad-code-review/steps/step-01-gather-context.md","211f387c4b2172ff98c2f5c5df0fedc4127c47d85b5ec69bbcfb774d3e16fec5"
"md","step-01-init","bmm","bmm/1-analysis/research/bmad-domain-research/domain-steps/step-01-init.md","efee243f13ef54401ded88f501967b8bc767460cec5561b2107fc03fe7b7eab1"
"md","step-01-init","bmm","bmm/1-analysis/research/bmad-market-research/steps/step-01-init.md","64d5501aea0c0005db23a0a4d9ee84cf4e9239f553c994ecc6b1356917967ccc"
"md","step-01-init","bmm","bmm/1-analysis/research/bmad-technical-research/technical-steps/step-01-init.md","c9a1627ecd26227e944375eb691e7ee6bc9f5db29a428a5d53e5d6aef8bb9697"
"md","step-01-init","bmm","bmm/2-plan-workflows/bmad-create-prd/steps-c/step-01-init.md","922f59e960569f68bbf0d2c17ecdca74e9d9b92c6a802a5ea888e10774be7738"
"md","step-01-init","bmm","bmm/2-plan-workflows/bmad-create-ux-design/steps/step-01-init.md","0b257533a0ce34d792f621da35325ec11cb883653e3ad546221ee1f0dee5edcd"
"md","step-01-init","bmm","bmm/3-solutioning/bmad-create-architecture/steps/step-01-init.md","5119205b712ebda0cd241c3daad217bb0f6fa9e6cb41d6635aec6b7fe83b838a"
"md","step-01-validate-prerequisites","bmm","bmm/3-solutioning/bmad-create-epics-and-stories/steps/step-01-validate-prerequisites.md","5c2aabc871363d84fc2e12fd83a3889e9d752b6bd330e31a0067c96204dd4880"
"md","step-01b-continue","bmm","bmm/2-plan-workflows/bmad-create-prd/steps-c/step-01b-continue.md","bdc3677aa220c4822b273d9bc8579669e003cc96d49475ddb3116bdef759cf04"
"md","step-01b-continue","bmm","bmm/2-plan-workflows/bmad-create-ux-design/steps/step-01b-continue.md","4d42c6b83eaa720975bf2206a7eea1a8c73ae922668cc2ef03d34c49ab066c19"
"md","step-01b-continue","bmm","bmm/3-solutioning/bmad-create-architecture/steps/step-01b-continue.md","4bf216008297dcea25f8be693109cf17879c621865b302c994cdd15aa5124e5f"
"md","step-02-context","bmm","bmm/3-solutioning/bmad-create-architecture/steps/step-02-context.md","4381c5128de7d5c02ac806a1263e3965754bd2598954f3188219fbd87567e5c9"
"md","step-02-customer-behavior","bmm","bmm/1-analysis/research/bmad-market-research/steps/step-02-customer-behavior.md","bac4de244049f90d1f2eb95e2cc9389cc84966d9538077fef1ec9c35e4533849"
"md","step-02-design-epics","bmm","bmm/3-solutioning/bmad-create-epics-and-stories/steps/step-02-design-epics.md","44b8859c4f9e6c8275b44be1c8d36f5360b54db7c54b8d4d1b61e865b33d51d8"
"md","step-02-discovery","bmm","bmm/2-plan-workflows/bmad-create-prd/steps-c/step-02-discovery.md","4ef0a3e62c05bfe90fbeca03d58ada11017098523a563003d574462d65f51e78"
"md","step-02-discovery","bmm","bmm/2-plan-workflows/bmad-create-ux-design/steps/step-02-discovery.md","9ffd5b31cc869b564e4d78cdc70767f0fb1b04db4c40201ccfa9dde75739fa8d"
"md","step-02-domain-analysis","bmm","bmm/1-analysis/research/bmad-domain-research/domain-steps/step-02-domain-analysis.md","385a288d9bbb0adf050bcce4da4dad198a9151822f9766900404636f2b0c7f9d"
"md","step-02-generate","bmm","bmm/3-solutioning/bmad-generate-project-context/steps/step-02-generate.md","b1f063edae66a74026b67a79a245cec7ee85438bafcacfc70dcf6006b495e060"
"md","step-02-plan","bmm","bmm/4-implementation/bmad-quick-dev/step-02-plan.md","28fd4b9c107c3d63188e6b0e3c5c31ed523045324865024ab389e8b6d84e67f4"
"md","step-02-prd-analysis","bmm","bmm/3-solutioning/bmad-check-implementation-readiness/steps/step-02-prd-analysis.md","47538848da0207cc929613ee9294ec317d05404ab19d7a9af612bf757d2a5950"
"md","step-02-review","bmm","bmm/4-implementation/bmad-code-review/steps/step-02-review.md","6c0f85f7be5d1e28af1a538f4393ec4a766c4f2ae6eb3e8fb69cb64a5b0bd325"
"md","step-02-technical-overview","bmm","bmm/1-analysis/research/bmad-technical-research/technical-steps/step-02-technical-overview.md","9c7582241038b16280cddce86f2943216541275daf0a935dcab78f362904b305"
"md","step-02b-vision","bmm","bmm/2-plan-workflows/bmad-create-prd/steps-c/step-02b-vision.md","641fcd72722c34850bf2daf38a4dfc544778999383aa9b33b4e7569de5860721"
"md","step-02c-executive-summary","bmm","bmm/2-plan-workflows/bmad-create-prd/steps-c/step-02c-executive-summary.md","7abf23a4ae7a7e1653cb86d90fdb1698cbe876628de3273b5638cfb05e34b615"
"md","step-03-competitive-landscape","bmm","bmm/1-analysis/research/bmad-domain-research/domain-steps/step-03-competitive-landscape.md","f10aa088ba00c59491507f6519fb314139f8be6807958bb5fd1b66bff2267749"
"md","step-03-complete","bmm","bmm/3-solutioning/bmad-generate-project-context/steps/step-03-complete.md","cf8d1d1904aeddaddb043c3c365d026cd238891cd702c2b78bae032a8e08ae17"
"md","step-03-core-experience","bmm","bmm/2-plan-workflows/bmad-create-ux-design/steps/step-03-core-experience.md","1f58c8a2f6872f468629ecb67e94f793af9d10d2804fe3e138eba03c090e00c5"
"md","step-03-create-stories","bmm","bmm/3-solutioning/bmad-create-epics-and-stories/steps/step-03-create-stories.md","c5b787a82e4e49ed9cd9c028321ee1689f32b8cd69d89eea609b37cd3d481afc"
"md","step-03-customer-pain-points","bmm","bmm/1-analysis/research/bmad-market-research/steps/step-03-customer-pain-points.md","5b2418ccaaa89291c593efed0311b3895faad1e9181800d382da823a8eb1312a"
"md","step-03-epic-coverage-validation","bmm","bmm/3-solutioning/bmad-check-implementation-readiness/steps/step-03-epic-coverage-validation.md","1935d218641b8e19af9764543ada4d04b58b2ba885a1c41a67194c8f1436d73d"
"md","step-03-implement","bmm","bmm/4-implementation/bmad-quick-dev/step-03-implement.md","eebcaa976b46b56562bc961d81d57ea52a4ba2eb6daaff75e92448bb8b85d6a2"
"md","step-03-integration-patterns","bmm","bmm/1-analysis/research/bmad-technical-research/technical-steps/step-03-integration-patterns.md","005d517a2f962e2172e26b23d10d5e6684c7736c0d3982e27b2e72d905814ad9"
"md","step-03-starter","bmm","bmm/3-solutioning/bmad-create-architecture/steps/step-03-starter.md","b7727e0f37bc5325e15abad1c54bef716d617df423336090189efd1d307a0b3f"
"md","step-03-success","bmm","bmm/2-plan-workflows/bmad-create-prd/steps-c/step-03-success.md","3959db0848f9a4c99f80ac8d59855f9bb77f833475d3d5512e623d62b52b86dc"
"md","step-03-triage","bmm","bmm/4-implementation/bmad-code-review/steps/step-03-triage.md","91eaa27f6a167702ead00da9e93565c9bff79dce92c02eccbca61b1d1ed39a80"
"md","step-04-architectural-patterns","bmm","bmm/1-analysis/research/bmad-technical-research/technical-steps/step-04-architectural-patterns.md","4636f23e9c585a7a0c90437a660609d913f16362c3557fc2e71d408d6b9f46ce"
"md","step-04-customer-decisions","bmm","bmm/1-analysis/research/bmad-market-research/steps/step-04-customer-decisions.md","f0bc25f2179b7490e7a6704159a32fc9e83ab616022355ed53acfe8e2f7059d5"
"md","step-04-decisions","bmm","bmm/3-solutioning/bmad-create-architecture/steps/step-04-decisions.md","7fc0ebb63ab5ad0efc470f1063c15f14f52f5d855da2382fd17576cf060a8763"
"md","step-04-emotional-response","bmm","bmm/2-plan-workflows/bmad-create-ux-design/steps/step-04-emotional-response.md","75724811b170c8897e230a49e968e1db357fef3387008b0906b5ff79a43dbff9"
"md","step-04-final-validation","bmm","bmm/3-solutioning/bmad-create-epics-and-stories/steps/step-04-final-validation.md","6be228c80a97a74fe6b2dca7ded26fdbca3524a4c8590942e150f24e16da68f3"
"md","step-04-journeys","bmm","bmm/2-plan-workflows/bmad-create-prd/steps-c/step-04-journeys.md","a9f2b74f06230916f66a1cf42437e4173061a157642c5eaf0d985d4078872526"
"md","step-04-present","bmm","bmm/4-implementation/bmad-code-review/steps/step-04-present.md","7c9a738036845c9fa9fcfaff3f3efd87123e75749877f334b781b25c9765f59c"
"md","step-04-regulatory-focus","bmm","bmm/1-analysis/research/bmad-domain-research/domain-steps/step-04-regulatory-focus.md","d22035529efe91993e698b4ebf297bf2e7593eb41d185a661c357a8afc08977b"
"md","step-04-review","bmm","bmm/4-implementation/bmad-quick-dev/step-04-review.md","e441bf5a69951ec2597c485b07dd50f8d18a1ea9cf6535ac052f03b0d0e0ecd0"
"md","step-04-ux-alignment","bmm","bmm/3-solutioning/bmad-check-implementation-readiness/steps/step-04-ux-alignment.md","f71e5f0d77615e885ae40fdee6b04c1dd6e472c871f87b515fe869cb5f6966fb"
"md","step-05-competitive-analysis","bmm","bmm/1-analysis/research/bmad-market-research/steps/step-05-competitive-analysis.md","17532051ad232cfc859f09ac3b44f9f4d542eb24cff8d07317126ccdff0d225a"
"md","step-05-domain","bmm","bmm/2-plan-workflows/bmad-create-prd/steps-c/step-05-domain.md","983617d33fe6b7e911f34cf6a2adb86be595952ab9a7c7308e7f6b3858b39a12"
"md","step-05-epic-quality-review","bmm","bmm/3-solutioning/bmad-check-implementation-readiness/steps/step-05-epic-quality-review.md","d8a84e57f4e3a321734b5b5d093458ceb1e338744f18954c5a204f5ce3576185"
"md","step-05-implementation-research","bmm","bmm/1-analysis/research/bmad-technical-research/technical-steps/step-05-implementation-research.md","e2b8a2c79bcebadc85f3823145980fa47d7e7be8d1c112f686c6223c8c138608"
"md","step-05-inspiration","bmm","bmm/2-plan-workflows/bmad-create-ux-design/steps/step-05-inspiration.md","b0cadcd4665c46d2e6e89bdb45ddfdd4e4aac47b901e59aa156b935878a2b124"
"md","step-05-patterns","bmm","bmm/3-solutioning/bmad-create-architecture/steps/step-05-patterns.md","3c80aba507aa46893ef43f07c5c321b985632ef57abc82d5ee93c3d9c2911134"
"md","step-05-present","bmm","bmm/4-implementation/bmad-quick-dev/step-05-present.md","b7d54e83f9a88f1d151d94d8facd6bc8f91ea1494eab6d83f74f3905d85c5018"
"md","step-05-technical-trends","bmm","bmm/1-analysis/research/bmad-domain-research/domain-steps/step-05-technical-trends.md","fd6c577010171679f630805eb76e09daf823c2b9770eb716986d01f351ce1fb4"
"md","step-06-design-system","bmm","bmm/2-plan-workflows/bmad-create-ux-design/steps/step-06-design-system.md","1c71e452916c5b9ed000af4dd1b83954ae16887463c73776251e1e734e7d7641"
"md","step-06-final-assessment","bmm","bmm/3-solutioning/bmad-check-implementation-readiness/steps/step-06-final-assessment.md","dbc3a5e94e804c5dbb89204a194d9c378fd4096f40beec976b84ce4ca26b24cf"
"md","step-06-innovation","bmm","bmm/2-plan-workflows/bmad-create-prd/steps-c/step-06-innovation.md","a0b3863e11f1dc91c73871967c26c3a2746a11c29a1cd23ee000df5b6b22f1b3"
"md","step-06-research-completion","bmm","bmm/1-analysis/research/bmad-market-research/steps/step-06-research-completion.md","ce4820d4a254b1c4c5a876910e7e8912eda8df595a71438d230119ace7f2c38b"
"md","step-06-research-synthesis","bmm","bmm/1-analysis/research/bmad-domain-research/domain-steps/step-06-research-synthesis.md","ae7ea9eec7f763073e4e1ec7ef0dd247a2c9c8f8172c84cbcb0590986c67caa2"
"md","step-06-research-synthesis","bmm","bmm/1-analysis/research/bmad-technical-research/technical-steps/step-06-research-synthesis.md","01d94ed48e86317754d1dafb328d57bd1ce8832c1f443bfd62413bbd07dcf3a1"
"md","step-06-structure","bmm","bmm/3-solutioning/bmad-create-architecture/steps/step-06-structure.md","f8333ca290b62849c1e2eb2f770b46705b09fe0322217b699b13be047efdd03e"
"md","step-07-defining-experience","bmm","bmm/2-plan-workflows/bmad-create-ux-design/steps/step-07-defining-experience.md","17f78d679a187cfb703c2cd30eea84d9dd683f3708d24885421239338eea4edd"
"md","step-07-project-type","bmm","bmm/2-plan-workflows/bmad-create-prd/steps-c/step-07-project-type.md","ba60660354a1aa7dff8a03bfff79ace4589af13e3a2945ae78157a33abd12f17"
"md","step-07-validation","bmm","bmm/3-solutioning/bmad-create-architecture/steps/step-07-validation.md","95c9c9102ddfb23969adecc84c45bc61aa1e58dbdff6d25111ac85e17ff99353"
"md","step-08-complete","bmm","bmm/3-solutioning/bmad-create-architecture/steps/step-08-complete.md","2bdb9f1a149eb8e075c734f086b977709baeeb3d7ca0c2c998997e3c0ce2f532"
"md","step-08-scoping","bmm","bmm/2-plan-workflows/bmad-create-prd/steps-c/step-08-scoping.md","b1273a563a4cb440901bcda12ffdb27a37694c4cc4431196396d07a3737ae0aa"
"md","step-08-visual-foundation","bmm","bmm/2-plan-workflows/bmad-create-ux-design/steps/step-08-visual-foundation.md","985b4da65435114529056f33ff583ec4d1b29feb3550494ae741b6dbb89798a9"
"md","step-09-design-directions","bmm","bmm/2-plan-workflows/bmad-create-ux-design/steps/step-09-design-directions.md","07962c637e69a612a904efccf6188b7f08c9e484d4d7369c74cd0de7da0cb1e3"
"md","step-09-functional","bmm","bmm/2-plan-workflows/bmad-create-prd/steps-c/step-09-functional.md","4880a2f02fdc43964bd753c733c7800b9ccf6b1ccf194b2a8c3f09f1ad85843c"
"md","step-10-nonfunctional","bmm","bmm/2-plan-workflows/bmad-create-prd/steps-c/step-10-nonfunctional.md","afde3cd586227cec7863267518667605e9487025a9c0f3b7f220c66adbbc347c"
"md","step-10-user-journeys","bmm","bmm/2-plan-workflows/bmad-create-ux-design/steps/step-10-user-journeys.md","eabe15745e6b68df06833bca103c704d31094c8f070c84e35f1ee9b0c28d10bd"
"md","step-11-component-strategy","bmm","bmm/2-plan-workflows/bmad-create-ux-design/steps/step-11-component-strategy.md","52a1d0230160124496467ddbe26dd9cc4ae7d9afceaea987aad658e1bb195f59"
"md","step-11-polish","bmm","bmm/2-plan-workflows/bmad-create-prd/steps-c/step-11-polish.md","7648f29eda46aa75dd3a23045d9e8513995a7c56e18ac28f4912b5d05340b9cc"
"md","step-12-complete","bmm","bmm/2-plan-workflows/bmad-create-prd/steps-c/step-12-complete.md","cce81ef9c88e910ea729710ab7104ee23c323479f90375208d3910abe0a5adcf"
"md","step-12-ux-patterns","bmm","bmm/2-plan-workflows/bmad-create-ux-design/steps/step-12-ux-patterns.md","37215fe8ea33247e9a31b5f8b8fe3b36448d7f743c18803e4d5054c201348be8"
"md","step-13-responsive-accessibility","bmm","bmm/2-plan-workflows/bmad-create-ux-design/steps/step-13-responsive-accessibility.md","b80c7e6c3898bac66af1ca81bcb09a92f2793bc0711530d93e03265070041b5c"
"md","step-14-complete","bmm","bmm/2-plan-workflows/bmad-create-ux-design/steps/step-14-complete.md","f308bf80b6a7d4490a858fb30d17fc4fa3105655cbc437aa07e54fab26889251"
"md","step-e-01-discovery","bmm","bmm/2-plan-workflows/bmad-edit-prd/steps-e/step-e-01-discovery.md","a0297433200742d5fa0a93b19c1175dc68a69ae57004ff7409b6dc2813102802"
"md","step-e-01b-legacy-conversion","bmm","bmm/2-plan-workflows/bmad-edit-prd/steps-e/step-e-01b-legacy-conversion.md","582550bc46eba21b699b89c96c4c33c4330a8472fa5b537ad30ac3c551027f9c"
"md","step-e-02-review","bmm","bmm/2-plan-workflows/bmad-edit-prd/steps-e/step-e-02-review.md","95610b5736547894b03bc051022a48143f050d80059a286a49d96b28a10e6050"
"md","step-e-03-edit","bmm","bmm/2-plan-workflows/bmad-edit-prd/steps-e/step-e-03-edit.md","e8315a19fca7de14d4114d2adb1accf62945957c3696c3f0f021295cfdf8a5a1"
"md","step-e-04-complete","bmm","bmm/2-plan-workflows/bmad-edit-prd/steps-e/step-e-04-complete.md","844c02e09659679ab3837b51f98ce0779035d4660bd42f11ee1d338f95b57e3f"
"md","step-oneshot","bmm","bmm/4-implementation/bmad-quick-dev/step-oneshot.md","e1b2c98ea397a49c738ab6bbb50f05aa8756acf6152241bda76e5e4722128548"
"md","step-v-01-discovery","bmm","bmm/2-plan-workflows/bmad-validate-prd/steps-v/step-v-01-discovery.md","65c4686abf818f35eeeff7cf7d31646b9693f3b8aaaa04eac7c97e9be0572a57"
"md","step-v-01-discovery","bmm","bmm/2-plan-workflows/create-prd/steps-v/step-v-01-discovery.md","85e9b433cfb634b965240597739cc517837c136a4ca64bc88c0afe828b363740"
"md","step-v-02-format-detection","bmm","bmm/2-plan-workflows/bmad-validate-prd/steps-v/step-v-02-format-detection.md","c27ea549b1414a9a013c6e334daf278bc26e7101879fd5832eb57ed275daeb0d"
"md","step-v-02-format-detection","bmm","bmm/2-plan-workflows/create-prd/steps-v/step-v-02-format-detection.md","251ea5a1cf7779db2dc39d5d8317976a27f84b421359c1974ae96c0943094341"
"md","step-v-02b-parity-check","bmm","bmm/2-plan-workflows/bmad-validate-prd/steps-v/step-v-02b-parity-check.md","5216fea52f9bbcb76a8ea9b9e80c98c51c529342e448dcf75c449ffa6fbaa45f"
"md","step-v-02b-parity-check","bmm","bmm/2-plan-workflows/create-prd/steps-v/step-v-02b-parity-check.md","3481beae212bb0140c105d0ae87bb9714859c93a471048048512fd1278da2fcd"
"md","step-v-03-density-validation","bmm","bmm/2-plan-workflows/bmad-validate-prd/steps-v/step-v-03-density-validation.md","1eed2b7eea8745edefbee124e9c9aff1e75a1176b8ba3bad42cfcf9b7c2f2a1c"
"md","step-v-03-density-validation","bmm","bmm/2-plan-workflows/create-prd/steps-v/step-v-03-density-validation.md","5b95ecd032fb65f86b7eee7ce7c30c997dc2a8b5e4846d88c2853538591a9e40"
"md","step-v-04-brief-coverage-validation","bmm","bmm/2-plan-workflows/bmad-validate-prd/steps-v/step-v-04-brief-coverage-validation.md","7b870fea072193271c9dc80966b0777cbc892a85912a273ba184f2d19fc68c47"
"md","step-v-04-brief-coverage-validation","bmm","bmm/2-plan-workflows/create-prd/steps-v/step-v-04-brief-coverage-validation.md","97eb248c7d67e6e5121dd0b020409583998fba433799ea4c5c8cb40c7ff9c7c1"
"md","step-v-05-measurability-validation","bmm","bmm/2-plan-workflows/bmad-validate-prd/steps-v/step-v-05-measurability-validation.md","06a8762b225e7d77f9c1b9f5be8783bcced29623f3a3bc8dbf7ea109b531c0ae"
"md","step-v-05-measurability-validation","bmm","bmm/2-plan-workflows/create-prd/steps-v/step-v-05-measurability-validation.md","2f331ee6d4f174dec0e4b434bf7691bfcf3a13c6ee0c47a65989badaa6b6a28c"
"md","step-v-06-traceability-validation","bmm","bmm/2-plan-workflows/bmad-validate-prd/steps-v/step-v-06-traceability-validation.md","58b89788683540c3122f886ca7a6191866a3abb2851bd505faa3fc9ab46a73c4"
"md","step-v-06-traceability-validation","bmm","bmm/2-plan-workflows/create-prd/steps-v/step-v-06-traceability-validation.md","970ea67486211a611a701e1490ab7e8f2f98060a9f78760b6ebfdb9f37743c74"
"md","step-v-07-implementation-leakage-validation","bmm","bmm/2-plan-workflows/bmad-validate-prd/steps-v/step-v-07-implementation-leakage-validation.md","aeab46b20c6aafc4b1d369c65ccf02a1fc5f7de60cbffddf7719e2899de6fe28"
"md","step-v-07-implementation-leakage-validation","bmm","bmm/2-plan-workflows/create-prd/steps-v/step-v-07-implementation-leakage-validation.md","f75d1d808fdf3d61b15bea55418b82df747f45902b6b22fe541e83b4ea3fa465"
"md","step-v-08-domain-compliance-validation","bmm","bmm/2-plan-workflows/bmad-validate-prd/steps-v/step-v-08-domain-compliance-validation.md","1be1de3adc40ded63e3662a75532fa1b13c28596b3b49204fbda310f6fa5f0da"
"md","step-v-08-domain-compliance-validation","bmm","bmm/2-plan-workflows/create-prd/steps-v/step-v-08-domain-compliance-validation.md","a1902baaf4eaaf946e5c2c2101a1ac46f8ee4397e599218b8dc030cd00c97512"
"md","step-v-09-project-type-validation","bmm","bmm/2-plan-workflows/bmad-validate-prd/steps-v/step-v-09-project-type-validation.md","fffbf78461186456a5ca72b2b9811cb391476c1d1af0301ff71b8f73198c88d1"
"md","step-v-09-project-type-validation","bmm","bmm/2-plan-workflows/create-prd/steps-v/step-v-09-project-type-validation.md","d53e95264625335184284d3f9d0fc6e7674f67bdf97e19362fc33df4bea7f096"
"md","step-v-10-smart-validation","bmm","bmm/2-plan-workflows/bmad-validate-prd/steps-v/step-v-10-smart-validation.md","81bf3fbe84054b51cb36b673a3877c65c9b790acd502a9a8a01f76899f5f4f4c"
"md","step-v-10-smart-validation","bmm","bmm/2-plan-workflows/create-prd/steps-v/step-v-10-smart-validation.md","b3c21cfcb8928ee447e12ba321af957a57385d0a2d2595deb6908212ec1c9692"
"md","step-v-11-holistic-quality-validation","bmm","bmm/2-plan-workflows/bmad-validate-prd/steps-v/step-v-11-holistic-quality-validation.md","4be7756dce12a6c7c5de6a551716d9e3b1df1f5d9d87fc28efb95fe6960cd3ce"
"md","step-v-11-holistic-quality-validation","bmm","bmm/2-plan-workflows/create-prd/steps-v/step-v-11-holistic-quality-validation.md","db07ecc3af8720c15d2801b547237d6ec74523883e361a9c03c0bd09b127bee3"
"md","step-v-12-completeness-validation","bmm","bmm/2-plan-workflows/bmad-validate-prd/steps-v/step-v-12-completeness-validation.md","20371cf379d396292dd63ad721fe48258853048e10cd9ecb8998791194fe4236"
"md","step-v-12-completeness-validation","bmm","bmm/2-plan-workflows/create-prd/steps-v/step-v-12-completeness-validation.md","c966933a0ca3753db75591325cef4d4bdaf9639a1a63f9438758d32f7e1a1dda"
"md","step-v-13-report-complete","bmm","bmm/2-plan-workflows/bmad-validate-prd/steps-v/step-v-13-report-complete.md","5df1fe4427273411bc55051519edf89e36ae46b5435240664ead8ffac6842d85"
"md","step-v-13-report-complete","bmm","bmm/2-plan-workflows/create-prd/steps-v/step-v-13-report-complete.md","a48cb9e8202f66a24798ef50e66b2fa11422560085aa40bb6a057fadc53353af"
"md","template","bmm","bmm/4-implementation/bmad-create-story/template.md","29ba697368d77e88e88d0e7ac78caf7a78785a7dcfc291082aa96a62948afb67"
"md","ux-design-template","bmm","bmm/2-plan-workflows/bmad-create-ux-design/ux-design-template.md","ffa4b89376cd9db6faab682710b7ce755990b1197a8b3e16b17748656d1fca6a"
"md","validate-doc","bmm","bmm/1-analysis/bmad-agent-tech-writer/validate-doc.md","3b8d25f60be191716266726393f2d44b77262301b785a801631083b610d6acc5"
"md","web-researcher","bmm","bmm/1-analysis/bmad-product-brief/agents/web-researcher.md","66aadb087f9bb3e7d05787c8f30237247ad3b90f241d342838e4ca95ed0d0260"
"md","workflow","bmm","bmm/1-analysis/bmad-document-project/workflow.md","946a5e79552769a0254791f4faab719e1fce0b0ca5163c8948e3ab7f6bbd77e9"
"md","workflow","bmm","bmm/1-analysis/research/bmad-domain-research/workflow.md","8f50250c35786710b7a380404791ce5d04834f5c381abb297a6d1adc2a5007f8"
"md","workflow","bmm","bmm/1-analysis/research/bmad-market-research/workflow.md","b10298a8ccb939ed49f7c171f4ca9e3fe415980ebddf6bce78a7c375ef92eb84"
"md","workflow","bmm","bmm/1-analysis/research/bmad-technical-research/workflow.md","69da7541ebac524a905218470c1f91e93ef631b7993629ada9e5224598e93f3f"
"md","workflow","bmm","bmm/2-plan-workflows/bmad-create-prd/workflow.md","e40e1e72e3130d0189f77ae79f1ab242d504d963bf53c2a52e1fce8c0bc7e06e"
"md","workflow","bmm","bmm/2-plan-workflows/bmad-create-ux-design/workflow.md","d3f718aca12f9618e4271480bd76835e7f33961a4c168ce5aaec9e5a3a083c76"
"md","workflow","bmm","bmm/2-plan-workflows/bmad-edit-prd/workflow.md","96f09f2e6ebd990c5edc435d6c79bdccaef5e0629d7ae211812ac91a6f337fb6"
"md","workflow","bmm","bmm/2-plan-workflows/bmad-validate-prd/workflow.md","fbb45a58c4049d7a6a569071e3e58eb03ff3a84ed29a6f2437f49ea2902d1790"
"md","workflow","bmm","bmm/3-solutioning/bmad-check-implementation-readiness/workflow.md","0e1f1c49ee3d1965fa2378728ad5ebf8bb9d97aee67adf44993a672fbc0c85e8"
"md","workflow","bmm","bmm/3-solutioning/bmad-create-architecture/workflow.md","7845e7b62ca44da48fac9d732be43e83fe312a8bc83dd9e06574fbbc629c3b49"
"md","workflow","bmm","bmm/3-solutioning/bmad-create-epics-and-stories/workflow.md","204ce6a9fb23b63d8c254673d073f51202277dc280f9d9a535c2763aeb878a03"
"md","workflow","bmm","bmm/3-solutioning/bmad-generate-project-context/workflow.md","9d804dcdc199ae91f27f43276069e1924d660d506f455931c99759a3fd7d305d"
"md","workflow","bmm","bmm/4-implementation/bmad-code-review/workflow.md","329c5b98aedf092cc1e3cd56a73a19a68edac0693ff9481abc88336852dbffd0"
"md","workflow","bmm","bmm/4-implementation/bmad-correct-course/workflow.md","799510be917f90f0921ab27143a99c6a6b154af2e7afb3cf9729bde84a0bae6f"
"md","workflow","bmm","bmm/4-implementation/bmad-create-story/workflow.md","5ef89f34fe47a6f83d4dc3c3e1d29bbdea58838122549f60a6bc53046825305d"
"md","workflow","bmm","bmm/4-implementation/bmad-dev-story/workflow.md","96109fde74e4a6743acb6d3b70f83b6ceddc48dc7dc5fbb4a7a5142ecc0fc51e"
"md","workflow","bmm","bmm/4-implementation/bmad-qa-generate-e2e-tests/workflow.md","f399bfecbdd005b3f2de1ce15f5ab693776aded6e7d92e104f1f1a66fbcfc85e"
"md","workflow","bmm","bmm/4-implementation/bmad-quick-dev/workflow.md","cdf74759876665a2dedd9788a979302a176d8d2790017756217ad588cee7f89e"
"md","workflow","bmm","bmm/4-implementation/bmad-retrospective/workflow.md","aa0c39d871f653d19131c4c13e84bf40d7b7c764aad9e117fc328008fbd356b1"
"md","workflow","bmm","bmm/4-implementation/bmad-sprint-planning/workflow.md","6d4714a4d13d2a4f603062111fd46e6e8c69d0793b3501495b5d3826fbd0af4d"
"md","workflow","bmm","bmm/4-implementation/bmad-sprint-status/workflow.md","61c96b0bca5c720b3f8d9aac459611955add277e19716db796f211bad94d4e70"
"md","workflow-validate-prd","bmm","bmm/2-plan-workflows/create-prd/workflow-validate-prd.md","2a414986b4369622de815fb97f7b825ccf48962472c65c19ea985175dcdc5e6c"
"md","write-document","bmm","bmm/1-analysis/bmad-agent-tech-writer/write-document.md","c0ddfd981f765b82cba0921dad331cd1fa32bacdeea1f02320edfd60a0ae7e6f"
"yaml","bmad-skill-manifest","bmm","bmm/1-analysis/bmad-agent-analyst/bmad-skill-manifest.yaml","bc352201cf3b41252ca0c107761efd771f3e37ece9426d7dbf483e0fc6593049"
"yaml","bmad-skill-manifest","bmm","bmm/1-analysis/bmad-agent-tech-writer/bmad-skill-manifest.yaml","35ea1ff2681f199412056d3252b88b98bd6d4a3d69bb486c922a055c23568d69"
"yaml","bmad-skill-manifest","bmm","bmm/2-plan-workflows/bmad-agent-pm/bmad-skill-manifest.yaml","b0a09b8c8fd3c8315a503067e62624415a00b91d91d83177b95357f02b18db98"
"yaml","bmad-skill-manifest","bmm","bmm/2-plan-workflows/bmad-agent-ux-designer/bmad-skill-manifest.yaml","9d319a393c7c58a47dbf7c7f3c4bb2b4756e210ac6d29a0c3c811ff66d4d2ec1"
"yaml","bmad-skill-manifest","bmm","bmm/3-solutioning/bmad-agent-architect/bmad-skill-manifest.yaml","4de683765970ef12294035164417121ac77c4c118947cdbf4af58ea7cfee858b"
"yaml","bmad-skill-manifest","bmm","bmm/4-implementation/bmad-agent-dev/bmad-skill-manifest.yaml","ad2bb1387b0b7330cdc549a619706483c3b0d70792b91deb1ca575db8f8f523f"
"yaml","bmad-skill-manifest","bmm","bmm/4-implementation/bmad-agent-qa/bmad-skill-manifest.yaml","00e680311146df8b7e4f1da1ecf88ff7c6da87049becb3551139f83fca1a3563"
"yaml","bmad-skill-manifest","bmm","bmm/4-implementation/bmad-agent-quick-flow-solo-dev/bmad-skill-manifest.yaml","6c3c47eb61554b1d8cd9ccdf202ffff2f20bb8ab7966356ae82825dc2ae3171f"
"yaml","bmad-skill-manifest","bmm","bmm/4-implementation/bmad-agent-sm/bmad-skill-manifest.yaml","ac92ed5eb5dd6e2975fc9a2170ef2c6d917872521979d349ec5f5a14e323dbf6"
"yaml","config","bmm","bmm/config.yaml","6aa3d6a6dc71bf68a08897c7295aac090f5f1be3d709abb9cb6f1305abcb9ec9"
"yaml","sprint-status-template","bmm","bmm/4-implementation/bmad-sprint-planning/sprint-status-template.yaml","b46a7bfb7d226f00bd064f111e527eee54ad470d177382a9a15f1a6dde21544c"
"csv","design-methods","cis","cis/skills/bmad-cis-design-thinking/design-methods.csv","97a1fa87aaa355ce855c2c4e3bbfde59cb4ed2166cf9896496af786f10c13459"
"csv","innovation-frameworks","cis","cis/skills/bmad-cis-innovation-strategy/innovation-frameworks.csv","bd1d191062302353d2562a54751f8f263ce47e143202e2c0fe41315c2be9eb95"
"csv","module-help","cis","cis/module-help.csv","63d1a0a785eccd82c9b511aeeaebacb54956600403bf20e3b50ddd5ac01adf2c"
"csv","solving-methods","cis","cis/skills/bmad-cis-problem-solving/solving-methods.csv","f3a380b12b21ec2410d1ac44bc8ca1970b0a04a21bfe3dd0370ac7ed1ec0d2c0"
"csv","story-types","cis","cis/skills/bmad-cis-storytelling/story-types.csv","8cf3d49d3ce771f30b6d9c0c936d35f92b8af23e0962c876df832c02d605f1ce"
"md","SKILL","cis","cis/skills/bmad-cis-agent-brainstorming-coach/SKILL.md","137b42a42225a8d2e5d11624dc6aad4ff1495aef7939f717ddf95cb4275f47fa"
"md","SKILL","cis","cis/skills/bmad-cis-agent-creative-problem-solver/SKILL.md","48161bd528f539a04ffc94f0cb1e37416b5b745d3bbb9ccc6e3a18331f484326"
"md","SKILL","cis","cis/skills/bmad-cis-agent-design-thinking-coach/SKILL.md","e6f39d24fa382381ec1b7b5ab7b16f1405302d0dfcd87003128a15faeb1d9d3c"
"md","SKILL","cis","cis/skills/bmad-cis-agent-innovation-strategist/SKILL.md","cc90813e65977002b4c81b7457d777b2b2283c1bb8f1891de861878f2f8338cd"
"md","SKILL","cis","cis/skills/bmad-cis-agent-presentation-master/SKILL.md","67e6485c30e0475b75243d5137f4a13fe21098a42de455fe104792e71cdd3857"
"md","SKILL","cis","cis/skills/bmad-cis-agent-storyteller/SKILL.md","89d455045ab284ce06a51458eaa83b18d800daa6d95ca4c5a9bb946d5154737d"
"md","SKILL","cis","cis/skills/bmad-cis-design-thinking/SKILL.md","6402dd05b1a9f035f7c9d474ca41d0a132069d4412414ae27dae62ea1882d321"
"md","SKILL","cis","cis/skills/bmad-cis-innovation-strategy/SKILL.md","d175c0fd1a84225cba24546e7a47347afd59e89619b438a81bfc108e89060de6"
"md","SKILL","cis","cis/skills/bmad-cis-problem-solving/SKILL.md","77327ef9062220ce936b7e74c7b995a01d8997b7390634ef0778f22ac17b6b8c"
"md","SKILL","cis","cis/skills/bmad-cis-storytelling/SKILL.md","a6169e1b9501c08066f91857c3dbf64da1fa7fe1bf131a839a5e3ea95a340763"
"md","stories-told","cis","cis/skills/bmad-cis-agent-storyteller/stories-told.md","8d7cb6a41382340a550c88627ef0c680ee7c20d61b53a7b18994d27f2368a5d4"
"md","story-preferences","cis","cis/skills/bmad-cis-agent-storyteller/story-preferences.md","b269d52c87cf6913ff2ce31772ed5faa5d064ab5f6889be6c9bec3c9b2e7c47a"
"md","template","cis","cis/skills/bmad-cis-design-thinking/template.md","7bcf6d0cd09de3c0d91f3f49ee280177365dabb64ed814b97e83e73082643c37"
"md","template","cis","cis/skills/bmad-cis-innovation-strategy/template.md","ab574d69fa13e21c806101a9089563b541013f6df44255d800ea24d4cb6d7136"
"md","template","cis","cis/skills/bmad-cis-problem-solving/template.md","c46fbdf42a1d9ad732f562e4add05020198ffc7ba18d134718e1cd960752c390"
"md","template","cis","cis/skills/bmad-cis-storytelling/template.md","290615dbd530dc13843a87ebedd107b390bcfd57cf68df67cd250dea8f49b2dd"
"md","workflow","cis","cis/skills/bmad-cis-design-thinking/workflow.md","3c78f3439c4e8ce5bd3b08b001d023c24eba90fb18e9db2fd715d837194830fd"
"md","workflow","cis","cis/skills/bmad-cis-innovation-strategy/workflow.md","fdd3950637101b51fce9a52a1cc303fa98989e8ad0820b619d3415421268cc01"
"md","workflow","cis","cis/skills/bmad-cis-problem-solving/workflow.md","d65c3fb34b055c091107669eeed8ecac54e03180454bb8442aca36ffa20aecd4"
"md","workflow","cis","cis/skills/bmad-cis-storytelling/workflow.md","2c853a0b49ae9cc61081446fcffd7e7e352ec5d19f02774df2189a934743e8f0"
"yaml","bmad-skill-manifest","cis","cis/skills/bmad-cis-agent-brainstorming-coach/bmad-skill-manifest.yaml","5ffcd83f53cd9a14debca388ba6a2edb1f73841dbd78f6c30a4f1cf350eb7f14"
"yaml","bmad-skill-manifest","cis","cis/skills/bmad-cis-agent-creative-problem-solver/bmad-skill-manifest.yaml","f6ccf72134e13799bd7ad1519e18a0268ad41da7d86fe7afebce515f4c6c40e7"
"yaml","bmad-skill-manifest","cis","cis/skills/bmad-cis-agent-design-thinking-coach/bmad-skill-manifest.yaml","660dded1131af5b53e5bbd3c191b0b407a95e0fac0716cd3a2a1bc6e1218d321"
"yaml","bmad-skill-manifest","cis","cis/skills/bmad-cis-agent-innovation-strategist/bmad-skill-manifest.yaml","385c09309c471076256c5cae016ed02ac27780646ee1c3b33952d4866b179cab"
"yaml","bmad-skill-manifest","cis","cis/skills/bmad-cis-agent-presentation-master/bmad-skill-manifest.yaml","cbc72e716b412cfeb7eafae0ab5511c8cef9603e6812599e05c2d9d83a8b2f28"
"yaml","bmad-skill-manifest","cis","cis/skills/bmad-cis-agent-storyteller/bmad-skill-manifest.yaml","6115ffb71bb783c0a76d30a10033afff2cfd47db550f8d482981ff43b4b4ca75"
"yaml","bmad-skill-manifest","cis","cis/skills/bmad-cis-design-thinking/bmad-skill-manifest.yaml","fba78c307309490c064510a2d87d29e608120d600a705fd1d6b110adbdb68e63"
"yaml","bmad-skill-manifest","cis","cis/skills/bmad-cis-innovation-strategy/bmad-skill-manifest.yaml","fba78c307309490c064510a2d87d29e608120d600a705fd1d6b110adbdb68e63"
"yaml","bmad-skill-manifest","cis","cis/skills/bmad-cis-problem-solving/bmad-skill-manifest.yaml","fba78c307309490c064510a2d87d29e608120d600a705fd1d6b110adbdb68e63"
"yaml","bmad-skill-manifest","cis","cis/skills/bmad-cis-storytelling/bmad-skill-manifest.yaml","fba78c307309490c064510a2d87d29e608120d600a705fd1d6b110adbdb68e63"
"yaml","config","cis","cis/config.yaml","a9aa4a772c88a8eefdd1dbac4031205ef064264ae5d2019642ca5458285cabc9"
"csv","brain-methods","core","core/bmad-brainstorming/brain-methods.csv","0ab5878b1dbc9e3fa98cb72abfc3920a586b9e2b42609211bb0516eefd542039"
"csv","methods","core","core/bmad-advanced-elicitation/methods.csv","e08b2e22fec700274982e37be608d6c3d1d4d0c04fa0bae05aa9dba2454e6141"
"csv","module-help","core","core/module-help.csv","79cb3524f9ee81751b6faf549e67cbaace7fa96f71b93b09db1da8e29bf9db81"
"md","compression-rules","core","core/bmad-distillator/resources/compression-rules.md","86e53d6a2072b379864766681d1cc4e1aad3d4428ecca8c46010f7364da32724"
"md","distillate-compressor","core","core/bmad-distillator/agents/distillate-compressor.md","c00da33b39a43207a224c4043d1aa4158e90e41ab421fff0ea7cc55beec81ef8"
"md","distillate-format-reference","core","core/bmad-distillator/resources/distillate-format-reference.md","0ed0e016178f606ff7b70dd852695e94bce8da6d83954257e0b85779530bcaeb"
"md","round-trip-reconstructor","core","core/bmad-distillator/agents/round-trip-reconstructor.md","47c83f4a37249ddac38460d8c95d162f6fc175a8919888e8090aed71bd9383bc"
"md","SKILL","core","core/bmad-advanced-elicitation/SKILL.md","2d1011b1c93a4cf62d9a4b8fad876f0a45e1ad0126dbb796ed21304c5c5d8fb9"
"md","SKILL","core","core/bmad-brainstorming/SKILL.md","f4a2c22b40ed34cdbd3282dd6161a3b869902f3bc75b58e181fc9faf78eedd9d"
"md","SKILL","core","core/bmad-distillator/SKILL.md","9b404438deb17c56ddc08f7b823177687fb4a62f08f40dac8faa5a93f78e374d"
"md","SKILL","core","core/bmad-editorial-review-prose/SKILL.md","b3687fe80567378627bc2a0c5034ae8d65dfeedcf2b6c90da077f4feca462d0c"
"md","SKILL","core","core/bmad-editorial-review-structure/SKILL.md","164444359d74f695a84faf7ea558d0eef39c75561e6b26669f97a165c6f75538"
"md","SKILL","core","core/bmad-help/SKILL.md","8966c636a5ee40cc9deeba9a25df4cd2a9999d035f733711946fa6b1cc0de535"
"md","SKILL","core","core/bmad-index-docs/SKILL.md","a855d7060414e73ca4fe8e1a3e1cc4d0f2ce394846e52340bdf5a1317e0d234a"
"md","SKILL","core","core/bmad-init/SKILL.md","fd3c96b86bc02f6dac8e76e2b62b7f7a0782d4c0c6586ee414a7fb37a3bc3a4e"
"md","SKILL","core","core/bmad-party-mode/SKILL.md","558831b737cf3a6a5349b9f1338f2945da82ce2564893e642a2b49b7e62e8b3f"
"md","SKILL","core","core/bmad-review-adversarial-general/SKILL.md","7bffc39e6dba4d9123648c5d4d79e17c3c5b1efbd927c3fe0026c2dbb8d99cff"
"md","SKILL","core","core/bmad-review-edge-case-hunter/SKILL.md","f49ed9976f46b4cefa1fc8b4f0a495f16089905e6a7bbf4ce73b8f05c9ae3ee6"
"md","SKILL","core","core/bmad-shard-doc/SKILL.md","3a1538536514725fd4f31aded280ee56b9645fc61d114fd94aacb3ac52304e52"
"md","splitting-strategy","core","core/bmad-distillator/resources/splitting-strategy.md","26d3ed05f912cf99ff9ebe2353f2d84d70e3e852e23a32b1215c13416ad708b5"
"md","step-01-agent-loading","core","core/bmad-party-mode/steps/step-01-agent-loading.md","04ab6b6247564f7edcd5c503f5ca7d27ae688b09bbe2e24345550963a016e9f9"
"md","step-01-session-setup","core","core/bmad-brainstorming/steps/step-01-session-setup.md","7fd2aed9527ccdf35fc86bd4c9b27b4a530b5cfdfb90ae2b7385d3185bcd60bc"
"md","step-01b-continue","core","core/bmad-brainstorming/steps/step-01b-continue.md","49f8d78290291f974432bc8e8fce340de58ed62aa946e9e3182858bf63829920"
"md","step-02-discussion-orchestration","core","core/bmad-party-mode/steps/step-02-discussion-orchestration.md","a8a79890bd03237e20f1293045ecf06f9a62bc590f5c2d4f88e250cee40abb0b"
"md","step-02a-user-selected","core","core/bmad-brainstorming/steps/step-02a-user-selected.md","7ff3bca27286d17902ecea890494599796633e24a25ea6b31bbd6c3d2e54eba2"
"md","step-02b-ai-recommended","core","core/bmad-brainstorming/steps/step-02b-ai-recommended.md","cb77b810e0c98e080b4378999f0e250bacba4fb74c1bcb0a144cffe9989d2cbd"
"md","step-02c-random-selection","core","core/bmad-brainstorming/steps/step-02c-random-selection.md","91c6e16213911a231a41b1a55be7c939e7bbcd1463bd49cb03b5b669a90c0868"
"md","step-02d-progressive-flow","core","core/bmad-brainstorming/steps/step-02d-progressive-flow.md","6b6fbbd34bcf334d79f09e8c36ed3c9d55ddd3ebb8f8f77aa892643d1a4e3436"
"md","step-03-graceful-exit","core","core/bmad-party-mode/steps/step-03-graceful-exit.md","85e87df198fbb7ce1cf5e65937c4ad6f9ab51a2d80701979570f00519a2d9478"
"md","step-03-technique-execution","core","core/bmad-brainstorming/steps/step-03-technique-execution.md","b97afefd4ccc5234e554a3dfc5555337269ce171e730b250c756718235e9df60"
"md","step-04-idea-organization","core","core/bmad-brainstorming/steps/step-04-idea-organization.md","acb7eb6a54161213bb916cabf7d0d5084316704e792a880968fc340855cdcbbb"
"md","template","core","core/bmad-brainstorming/template.md","5c99d76963eb5fc21db96c5a68f39711dca7c6ed30e4f7d22aedee9e8bb964f9"
"md","workflow","core","core/bmad-brainstorming/workflow.md","74c87846a5cda7a4534ea592ea3125a8d8a1a88d19c94f5f4481fb28d0d16bf2"
"md","workflow","core","core/bmad-party-mode/workflow.md","e4f7328ccac68ecb7fb346c6b8f4e2e52171b63cff9070c0b382124872e673cb"
"py","analyze_sources","core","core/bmad-distillator/scripts/analyze_sources.py","31e2a8441c3c43c2536739c580cdef6abecb18ff20e7447f42dd868875783166"
"py","bmad_init","core","core/bmad-init/scripts/bmad_init.py","1b09aaadd599d12ba11bd61e86cb9ce7ce85e2d83f725ad8567b99ff00cbceeb"
"py","test_analyze_sources","core","core/bmad-distillator/scripts/tests/test_analyze_sources.py","d90525311f8010aaf8d7d9212a370468a697866190bae78c35d0aae9b7f23fdf"
"py","test_bmad_init","core","core/bmad-init/scripts/tests/test_bmad_init.py","84daa73b4e6adf4adbf203081a570b16859e090104a554ae46a295c9af3cb9bb"
"yaml","config","core","core/config.yaml","a94312e16be69dc193f20aaf8bdb484e971ac3f610fb3ade0accf508e9d9bc77"
"yaml","core-module","core","core/bmad-init/resources/core-module.yaml","eff85de02831f466e46a6a093d860642220295556a09c59e1b7f893950a6cdc9"
"csv","documentation-requirements","gds","gds/workflows/gds-document-project/documentation-requirements.csv","efc91d54787939a2dd2c22400e6b9b6f58835a741ea557e8971b5b333ce666e8"
"csv","domain-complexity","gds","gds/workflows/2-design/create-prd/data/domain-complexity.csv","4b0d69891b11300bd9228ccfa84a508e76cb702e7abddfc394c5e98d7d3680e1"
"csv","game-brain-methods","gds","gds/workflows/1-preproduction/gds-brainstorm-game/game-brain-methods.csv","f6fb96d2134a941ad0dd6cbdcb7bdcc01b7c04b1009e196cf859fc330f843bdb"
"csv","game-types","gds","gds/workflows/2-design/gds-create-gdd/game-types.csv","4f4a61090a084188178340aa08edaa8f3a08029bac7f01f23f228723b9524a59"
"csv","module-help","gds","gds/module-help.csv","a0027570557941a1129f1921a2a6644f44e29e06fe46a27c594a9d5aeb8ecea2"
"csv","pattern-categories","gds","gds/workflows/3-technical/gds-game-architecture/pattern-categories.csv","490bb6b7d5abfd5c1b20dca04399870c030b5d5d2db7148621d43f08044616e8"
"csv","project-types","gds","gds/workflows/2-design/create-prd/data/project-types.csv","2ea18a3e100f51cf26f0311949e7b7f76c6005e85271df0afd8d1b5632faaf57"
"csv","qa-index","gds","gds/gametest/qa-index.csv","a94275a48134c19edbd8b4c457dfbde049e003cbce0a86a4c79b19ca91809dc2"
"json","project-scan-report-schema","gds","gds/workflows/gds-document-project/templates/project-scan-report-schema.json","4c27adf9407907f31150d03d233f782f165aae9f754ecfa5532d0eed36c8bc94"
"md","action-platformer","gds","gds/workflows/2-design/gds-create-gdd/game-types/action-platformer.md","f711632d2a1067243347cfa5686488377421b8a0337e32ab06031c7d1051cb76"
"md","adventure","gds","gds/workflows/2-design/gds-create-gdd/game-types/adventure.md","2a242677235821099af6adcfc4a17dbeabe9ad914fb5c4599eab4f8691c86402"
"md","architecture-template","gds","gds/workflows/3-technical/gds-game-architecture/templates/architecture-template.md","1522ecf71409013bd057b8bc175744c9c0d988ae1c50f197c342ad26e8ece1d2"
"md","backlog-template","gds","gds/workflows/4-production/gds-code-review/backlog-template.md","42c4a61b30a8d1bfc670934db31622097b679ceee80f7744de823a77fa6ccd42"
"md","balance-testing","gds","gds/gametest/knowledge/balance-testing.md","aeea1da343ec80b7fbec0cc6ddc49cc70f9be1d6240644c3f065b42322886f0b"
"md","card-game","gds","gds/workflows/2-design/gds-create-gdd/game-types/card-game.md","63a72a7cd8e9c15ff0778ca2af49ee146daf7a8d0772f83afc6e8421b088b1fd"
"md","certification-testing","gds","gds/gametest/knowledge/certification-testing.md","70a96efd6ba9f726057a896d0107d0f35f390749da8da373565e5b2f2b2fbfea"
"md","checklist","gds","gds/workflows/1-preproduction/gds-create-game-brief/checklist.md","ddb4129f1f7474f25e78a4836410d6b3432ee5c6344414647ce3c8c3af1c56f5"
"md","checklist","gds","gds/workflows/2-design/gds-create-gdd/checklist.md","43da9cadbca5dc6a18f998560ac85cb471ebf265ed1fc292b30b5e5046f424a2"
"md","checklist","gds","gds/workflows/2-design/gds-create-narrative/checklist.md","e780d2703a61e6f9b6bdf0d624671140a9b93e42cdf9dcd521f41d5a7be9f967"
"md","checklist","gds","gds/workflows/3-technical/gds-game-architecture/checklist.md","0df887272138bfb3d05d963ef24648b5338d22f8cbe8c58b539ee38b977f42aa"
"md","checklist","gds","gds/workflows/4-production/gds-code-review/checklist.md","dce9eaefa805082b447b2db3cef98cba72d71eb9fae62c7ebd5c0760340134cb"
"md","checklist","gds","gds/workflows/4-production/gds-correct-course/checklist.md","4eb31c548ff5117f2e88a0ebe50b17d0101f5734f997cdbb231a7d0d4683db15"
"md","checklist","gds","gds/workflows/4-production/gds-create-story/checklist.md","0291e068003dda0359c41b925beee202ad083e632061e26fa37bdfb9f09cd6c6"
"md","checklist","gds","gds/workflows/4-production/gds-dev-story/checklist.md","277b5b2157d37162ed6eb1b4cdfe08bb4100fe719994a8ac8d019339a458995b"
"md","checklist","gds","gds/workflows/4-production/gds-sprint-planning/checklist.md","cc4f8e9411dbf9e644333790f867d74027aae3721cbc7f11d574536bf903a0aa"
"md","checklist","gds","gds/workflows/gametest/gds-e2e-scaffold/checklist.md","4bef23b4063d2f6caf26d9d2baba4cc69ea2c54c3f6096c70de80b5b8fd1b130"
"md","checklist","gds","gds/workflows/gametest/gds-performance-test/checklist.md","985a67a8c278f43096b9f52c59182e8de9ae9a55b04808fb740951809a3f96a5"
"md","checklist","gds","gds/workflows/gametest/gds-playtest-plan/checklist.md","d79ecf7b93060a46d9912a90973eab3d0dfeac68815b5275d2c1a5f7416cf952"
"md","checklist","gds","gds/workflows/gametest/gds-test-automate/checklist.md","83290eb804ca6b3d4283c7f69db1d9fb3160b8da708639303177c71af4408f2e"
"md","checklist","gds","gds/workflows/gametest/gds-test-design/checklist.md","5542d92ad346ebfb86a2415a2217707ca76b3d39bf234280062a31b6e28bf875"
"md","checklist","gds","gds/workflows/gametest/gds-test-framework/checklist.md","6ecc1995f2e0f94984d65a7b246a30e9bddaed217f0a48127e022254ee3c356e"
"md","checklist","gds","gds/workflows/gametest/gds-test-review/checklist.md","1f4abe8931ba4964d8db592cdad287df858f834c45cadd20bf7e1588ada5d2ee"
"md","checklist","gds","gds/workflows/gds-document-project/checklist.md","3b6856939315f71dc3ecc5a098c961fdc9f3615d3a032f0bc3dad565ac17bc38"
"md","compatibility-testing","gds","gds/gametest/knowledge/compatibility-testing.md","1a26a1726abb77f7b482ba35d16f17ab574bfd62b4a025565e8645bae228fe6a"
"md","deep-dive-instructions","gds","gds/workflows/gds-document-project/workflows/deep-dive-instructions.md","6ee83a843f26e4b304fc8831d8a51e67b1f7d5bd9884af7e46ad64c2a4938986"
"md","deep-dive-template","gds","gds/workflows/gds-document-project/templates/deep-dive-template.md","2d098bb425f58d1d49ab5c6b7c1a8c92af9271d281bacafe000fed059a1a206d"
"md","deep-dive-workflow","gds","gds/workflows/gds-document-project/workflows/deep-dive-workflow.md","9b84b4700af5ee54d102e98a9945ba0d26dcb3ea1f7a1ce9d7e5d9726e92a414"
"md","discover-inputs","gds","gds/workflows/4-production/gds-code-review/discover-inputs.md","19c9b1d6635fc013c8ce62c266cb72314206beb832e397b9b6c17c94df697ac1"
"md","discover-inputs","gds","gds/workflows/4-production/gds-create-story/discover-inputs.md","19c9b1d6635fc013c8ce62c266cb72314206beb832e397b9b6c17c94df697ac1"
"md","documentation-standards","gds","gds/agents/gds-agent-tech-writer/documentation-standards.md","6e7ac71138275d95c3c9160f3dffe1d6c4cc77bb97231b60b5463a6cdf42adba"
"md","e2e-testing","gds","gds/gametest/knowledge/e2e-testing.md","c3b6738f5dfc5e19699eb7a976ab53367762a6504ec1efd7c045926ea69707b7"
"md","epics-template","gds","gds/workflows/3-technical/gds-create-epics-and-stories/templates/epics-template.md","019cede457d98e414a76128b817cbc33f60b5d775ed93837ab9953ce82875ff1"
"md","explain-concept","gds","gds/agents/gds-agent-tech-writer/explain-concept.md","f9406f0372e600449fafc235202b61c9f4c385f84f9fbd16fc1b9890596ea1c1"
"md","fighting","gds","gds/workflows/2-design/gds-create-gdd/game-types/fighting.md","a3da81cf6924927931eb7338753ae8a03028a7e5e26a31428c737a151e02950f"
"md","full-scan-instructions","gds","gds/workflows/gds-document-project/workflows/full-scan-instructions.md","c0e8151b7079442c16c2445bfeb574f214d5cd6c83b7ed679c57ca63599c3b32"
"md","full-scan-workflow","gds","gds/workflows/gds-document-project/workflows/full-scan-workflow.md","89561790ea8024466557750cfe47a94b5e2402f471b60292d64cf73bd718819e"
"md","game-brief-template","gds","gds/workflows/1-preproduction/gds-create-game-brief/templates/game-brief-template.md","f2c83b06e8e403bb946de0bed6e4245c66e3b0202d9790432f56319cb8b661be"
"md","game-context","gds","gds/workflows/1-preproduction/gds-brainstorm-game/game-context.md","d362430b87dfe8a9b8c3bf9ae6820235b0d46bbed326591cbb58acdb5ff70640"
"md","gdd-template","gds","gds/workflows/2-design/gds-create-gdd/templates/gdd-template.md","791dfdf0ac71a2e249984c07ca47938dcc2c602c935547124cb1eeccd3d1fbaf"
"md","godot-engine","gds","gds/workflows/3-technical/gds-game-architecture/knowledge/godot-engine.md","f554b80ed5aa61d8ac4fd2fb384aea46e38eef1695744bedddb88e24e445f2e9"
"md","godot-testing","gds","gds/gametest/knowledge/godot-testing.md","ccfdf5f7ecbc33bd3f5549bfcd47c991e6cd0c8d32719ad838e80406eda3b825"
"md","horror","gds","gds/workflows/2-design/gds-create-gdd/game-types/horror.md","7ae5d591692bf36b014da7ca3b9683d6dfe744e9a85915bc18b8e8639122a2aa"
"md","idle-incremental","gds","gds/workflows/2-design/gds-create-gdd/game-types/idle-incremental.md","410e8aa9473ef6189bc550de4721336ae3a9a1a82663388a9cea2a42726bd908"
"md","index-template","gds","gds/workflows/gds-document-project/templates/index-template.md","0e077c2d9d9ccb149a64ed82e67914d90571e23696687cf7a08ac5f2a8b18306"
"md","input-testing","gds","gds/gametest/knowledge/input-testing.md","832d5183c9629e2423cc7221781afc87459cb9f735b2fc60257165d33736ecc6"
"md","instructions","gds","gds/workflows/gds-document-project/instructions.md","10521227b4316c9b828dab723c0396e92567bbaf14dbc790c2a42939a398d74c"
"md","localization-testing","gds","gds/gametest/knowledge/localization-testing.md","3ac685205ac1d8dea63574a98501f5636614fbf2933d555d718acb0dbf3d3f4b"
"md","mermaid-gen","gds","gds/agents/gds-agent-tech-writer/mermaid-gen.md","f1af20cff1ddb4294f1b671eebcb80ebe515278e57ff53c4886798ba97b9f6c4"
"md","metroidvania","gds","gds/workflows/2-design/gds-create-gdd/game-types/metroidvania.md","2faa33591d6bac3c0e8c4cafe823d94b9f5f9236a1c22d38683fdb784c156b85"
"md","moba","gds","gds/workflows/2-design/gds-create-gdd/game-types/moba.md","9871adb9aacf4e503f4f339e5028a30ca16916e53770038c5568eb13f961acbb"
"md","multiplayer-testing","gds","gds/gametest/knowledge/multiplayer-testing.md","fa00a075cdbcbf21ae921148c33647280ad12b4c88f2eba3854d24c7b060824b"
"md","narrative-template","gds","gds/workflows/2-design/gds-create-narrative/templates/narrative-template.md","e12110346082ed4cbd444fce0ba0e1cc5c074dfd72ce503f00ce4df24bbf3ef3"
"md","party-game","gds","gds/workflows/2-design/gds-create-gdd/game-types/party-game.md","7de09c182571046e25d2f4c4bdaa8a1dd2a96c8a50606bcf253ed8ba370ddae1"
"md","performance-template","gds","gds/workflows/gametest/gds-performance-test/performance-template.md","71097a22589f0c21af4c32df7b63699b7b54174f1fae96dc482c5f3d27daa6e4"
"md","performance-testing","gds","gds/gametest/knowledge/performance-testing.md","572f7ca584e08bb876be2fc64ba6895decc96780cbe9b4c8e8de7730d07ad929"
"md","phaser-engine","gds","gds/workflows/3-technical/gds-game-architecture/knowledge/phaser-engine.md","9e399909bb7a7b1c8264f90230fa0f395794d4ee0987efe553c77b0da7be45ba"
"md","playtest-template","gds","gds/workflows/gametest/gds-playtest-plan/playtest-template.md","3c6120ba19f21440cec2817a4a8722509b65ac73b98f6768d3fb33a14c005cbb"
"md","playtesting","gds","gds/gametest/knowledge/playtesting.md","38dd38b24e7996323a3c78f74f9786340f22ee11ff857d42e45cdd7080cecca5"
"md","prd-purpose","gds","gds/workflows/2-design/create-prd/data/prd-purpose.md","8c49b3da98b13048ef3c9a2a51fa97747976fe7f4858bf03c63a79c1c7310110"
"md","prd-template","gds","gds/workflows/2-design/create-prd/templates/prd-template.md","d474ed4ecb6d4a627c9da54ed8d79f156671d7557a7e6a64c9f24c29b8216a71"
"md","project-context-template","gds","gds/workflows/3-technical/gds-generate-project-context/project-context-template.md","3cc240744e23cdb1048b76ecc2c0cfccb5ba1140ec9dfb47a19587a59f321c87"
"md","project-overview-template","gds","gds/workflows/gds-document-project/templates/project-overview-template.md","fd1ae5724b19829feb79245b5249c3ebf3cee30d07776939d87c7563e5bf76fd"
"md","puzzle","gds","gds/workflows/2-design/gds-create-gdd/game-types/puzzle.md","0e127487feb570735f166a7e51ecbdd69d7cb7de73439c62ef5e87b6e5b6b8f9"
"md","qa-automation","gds","gds/gametest/knowledge/qa-automation.md","fae6a6e9977cf52b10fffc85c5be41fe5c11c5aec9b885f44d42e37513b9f370"
"md","racing","gds","gds/workflows/2-design/gds-create-gdd/game-types/racing.md","e2c21ad6ae9bfdf1a309dc5a3ba3390dfb7de9a98bdfb4d7723e2c04750c9878"
"md","readiness-report-template","gds","gds/workflows/3-technical/gds-check-implementation-readiness/templates/readiness-report-template.md","79e63524734308aca3ff4c40fdfaf87521bcea2e94ad0583b47d15915d800733"
"md","regression-testing","gds","gds/gametest/knowledge/regression-testing.md","b35564996e952fe1e32c1d59d69e8ceb76dbe3cf96a852ff119082d281d00e77"
"md","research.template","gds","gds/workflows/1-preproduction/research/gds-domain-research/research.template.md","94f97bc59c113d947c6f2e1166095e1eebd8aadffb03d4bd188aeec9e51366d6"
"md","research.template","gds","gds/workflows/1-preproduction/research/research.template.md","94f97bc59c113d947c6f2e1166095e1eebd8aadffb03d4bd188aeec9e51366d6"
"md","rhythm","gds","gds/workflows/2-design/gds-create-gdd/game-types/rhythm.md","099462e504db8de6fe4e6176a2e0667a2beb3700147d733a4e5a44f7aba4d9d1"
"md","roguelike","gds","gds/workflows/2-design/gds-create-gdd/game-types/roguelike.md","13db5439305b6f8c5a985839552326ca0da359d861251b10f7585b7f123a848c"
"md","rpg","gds","gds/workflows/2-design/gds-create-gdd/game-types/rpg.md","861d9a803a43e4b95f048a0ff274ef56dbbfb8d83fea696237814731ae13e4f4"
"md","sandbox","gds","gds/workflows/2-design/gds-create-gdd/game-types/sandbox.md","404b16e49aefdeda1e022a07fb680a1584c0e1a00ddda003e80eab748e01d270"
"md","save-testing","gds","gds/gametest/knowledge/save-testing.md","c354bbbe048c32fbd8bf581de329ff933ec28e044b431888f8ca53d76434eaf1"
"md","shooter","gds","gds/workflows/2-design/gds-create-gdd/game-types/shooter.md","185d8722cf25471768440921b7b5bdca8bf58464358bd50556811fa0746e3e0c"
"md","simulation","gds","gds/workflows/2-design/gds-create-gdd/game-types/simulation.md","bbb0c3dd09cb4289c2d297aeb49d1b0261151037dd8728fddee8ab7683bfc995"
"md","SKILL","gds","gds/agents/gds-agent-game-architect/SKILL.md","b2847385e5978463c28423b3f05976b542f06ee9da43212edb619a4ea97f4580"
"md","SKILL","gds","gds/agents/gds-agent-game-designer/SKILL.md","2873eb64ad69cdf47533e9525c1f31045aec65a80e95fce49d1d9fdf54c4ea95"
"md","SKILL","gds","gds/agents/gds-agent-game-dev/SKILL.md","ee90df8345a897d5cd56b4e178dcee049468496fac13d162c24832775e8a2f4f"
"md","SKILL","gds","gds/agents/gds-agent-game-qa/SKILL.md","351116b269927054df07988a7cb67df2ec47f85a2a666882765f263031cdc2e9"
"md","SKILL","gds","gds/agents/gds-agent-game-scrum-master/SKILL.md","d66a7d8218c2324a75efed9dc52c5138c9fc0de366014ecac4629cf5f73cf67f"
"md","SKILL","gds","gds/agents/gds-agent-game-solo-dev/SKILL.md","88f9272e564dc2f9bbd8722d24e247872368894b5a5ae088cf3efc6e643cd5d0"
"md","SKILL","gds","gds/agents/gds-agent-tech-writer/SKILL.md","64c2cf8152b11063fe60264c1c78017868000c1c98f58a523898bfb651861705"
"md","SKILL","gds","gds/workflows/1-preproduction/gds-brainstorm-game/SKILL.md","f342a485c7a70abeebd9c35caf1835aae82ba0199f9004ba5a1752ab687ddd8c"
"md","SKILL","gds","gds/workflows/1-preproduction/gds-create-game-brief/SKILL.md","0177e5348d00b024d49eefc0d064926861005d303478bdaf45901833f197f139"
"md","SKILL","gds","gds/workflows/1-preproduction/research/gds-domain-research/SKILL.md","66c201ac78dc76dc768ef10bec01e244b5e1ac5693192277c4b5ec12f905e0e8"
"md","SKILL","gds","gds/workflows/2-design/gds-create-gdd/SKILL.md","48bd1f87267b3f08c7b7e047c3e7f51a5586cbde7ff9dfd6d4ae17a83b0bbb8a"
"md","SKILL","gds","gds/workflows/2-design/gds-create-narrative/SKILL.md","8db5f2961591c89528201561ac6ee94fb218a736227444e638546308713fe232"
"md","SKILL","gds","gds/workflows/2-design/gds-create-ux-design/SKILL.md","d84513478c8065beda410a1d5eb3e263da5191aefaa231d196912f15bc19fdfa"
"md","SKILL","gds","gds/workflows/3-technical/gds-check-implementation-readiness/SKILL.md","f1c9a60ff2a81524d1c79012074230b417b1b7ab5854cb20511450c1c1a3f1f0"
"md","SKILL","gds","gds/workflows/3-technical/gds-create-epics-and-stories/SKILL.md","47469409dd05e46d8fda80b41c40795c8c1e25f0157832254d4c9fd4a075e592"
"md","SKILL","gds","gds/workflows/3-technical/gds-game-architecture/SKILL.md","c14ad2084b8edb82ed6e422cbf20d9c5118e3bc37cd30066b673d33cb3252185"
"md","SKILL","gds","gds/workflows/3-technical/gds-generate-project-context/SKILL.md","873039fa358c18b40f80e52aed5bfa9bef677f2505896af73ff52b979a8fa767"
"md","SKILL","gds","gds/workflows/4-production/gds-code-review/SKILL.md","4d5420c578b644077f7e2b297ac000408dfc1d9a3835036212d967927f173174"
"md","SKILL","gds","gds/workflows/4-production/gds-correct-course/SKILL.md","d37b79aafc4f397707003acddefa9b1af54ff3f259091e5c82d374bdb8cb5d39"
"md","SKILL","gds","gds/workflows/4-production/gds-create-story/SKILL.md","463c0db555cb1960e034d6e5dad54908024dc41e3f84583c2db78d90cb612aaa"
"md","SKILL","gds","gds/workflows/4-production/gds-dev-story/SKILL.md","30281ab308275525b84c3da98c30e9cd94fc079ec0d46dac56bfc1533e01cd3c"
"md","SKILL","gds","gds/workflows/4-production/gds-retrospective/SKILL.md","a37c6295f0dc0cc6f3f7cb251c331b6a6f8b73ec2e76c87c97ff207ea5671204"
"md","SKILL","gds","gds/workflows/4-production/gds-sprint-planning/SKILL.md","ae2d1f46325ca6bf63ac57e6cfa98d05081ceb36cd4b303df1ec626b089267e8"
"md","SKILL","gds","gds/workflows/4-production/gds-sprint-status/SKILL.md","f77220eddee3a3655e80c29811304aa4dc3ddc7e94a0dd43a9f677c4aca565f6"
"md","SKILL","gds","gds/workflows/gametest/gds-e2e-scaffold/SKILL.md","d94e49c48b18f65ff76945e5c6a5ae6c8361ca3217fedb9d13f68d11d8ad88a6"
"md","SKILL","gds","gds/workflows/gametest/gds-performance-test/SKILL.md","873dab9baa823b1f96b78a50106e4ff80164ae70ebb0fce3b10db03c75d0ad6a"
"md","SKILL","gds","gds/workflows/gametest/gds-playtest-plan/SKILL.md","6e19f8daf6ba2804d11c8e47ea297b780ce1cb8f6045f261e9a52a61f6c59213"
"md","SKILL","gds","gds/workflows/gametest/gds-test-automate/SKILL.md","25005b0fd094e99fe16d61288a024ed5912dd361cae04ccf34668d78c4acd12e"
"md","SKILL","gds","gds/workflows/gametest/gds-test-design/SKILL.md","08d3d6ddd89cb035c5ca66d4e7c497e2479d368adea4a87071bddf0a04e3ecec"
"md","SKILL","gds","gds/workflows/gametest/gds-test-framework/SKILL.md","3c6068f53442ab20bb7614d2c1d2c1a3e514bfbcc15f652a961c949a3c238eb7"
"md","SKILL","gds","gds/workflows/gametest/gds-test-review/SKILL.md","529f3fdf0f4c820ea80b5cd2b31129612854213fc5502b48995deff496a378b7"
"md","SKILL","gds","gds/workflows/gds-document-project/SKILL.md","cfe8baf9995ad9b43cbb7f2fd093a18b2407aac229acde192679f4b8abcbaf21"
"md","SKILL","gds","gds/workflows/gds-quick-flow/gds-quick-dev/SKILL.md","a6f95ae0b0ef38e58490e196211a710319bec5f91d6c0e097e6945ad93ddc572"
"md","SKILL","gds","gds/workflows/gds-quick-flow/gds-quick-dev-new-preview/SKILL.md","85165be14b13d0c6a56e4a3280d85587cbd189e93ac95643def6c443131631d1"
"md","SKILL","gds","gds/workflows/gds-quick-flow/gds-quick-spec/SKILL.md","1642c8289c1af810ced922e46fc4c7ecc4b75a19e041030a9d7f08994799951a"
"md","smoke-testing","gds","gds/gametest/knowledge/smoke-testing.md","1b33fe5eb2305103b96cd4a755640f4fa08f8ffc8c59a0fe04110c1532078866"
"md","source-tree-template","gds","gds/workflows/gds-document-project/templates/source-tree-template.md","f0094b1e0a9770c8c408b86f978b660c253fe99affcf2b67e1cf7aa9b40e74cb"
"md","sports","gds","gds/workflows/2-design/gds-create-gdd/game-types/sports.md","f2f582cd89412e803f9714e5f44ee9854ed2d1a2debd588900fc1792756057b7"
"md","step-01-clarify-and-route","gds","gds/workflows/gds-quick-flow/gds-quick-dev-new-preview/steps/step-01-clarify-and-route.md","e8167c65c13feaaffdc093fd08ebe87e5552cc93a425737183d0a2eeeb180d0e"
"md","step-01-discover","gds","gds/workflows/3-technical/gds-generate-project-context/steps/step-01-discover.md","54cfaa77d7528d319a089bc1f97f1d8b6d421688e7e888faaf0bac7d387f0c4e"
"md","step-01-document-discovery","gds","gds/workflows/3-technical/gds-check-implementation-readiness/steps/step-01-document-discovery.md","67bb32cc42c91561da6572c237c3a76b14e6eef9b029255a3d102324dfc9debf"
"md","step-01-init","gds","gds/workflows/1-preproduction/gds-brainstorm-game/steps/step-01-init.md","1ff70772967978d0b33223060a8e6f897648d03364ffccb7703064e6e0e163e7"
"md","step-01-init","gds","gds/workflows/1-preproduction/gds-create-game-brief/steps/step-01-init.md","a920df98ab213afab0e49da9ec403a3344a590f316e8c61f62e6ca24354cabd2"
"md","step-01-init","gds","gds/workflows/1-preproduction/research/gds-domain-research/domain-steps/step-01-init.md","50a57ffaeee886b1d568a4dff195e41dccaff3074d8ae1fa40d3783b76538a3c"
"md","step-01-init","gds","gds/workflows/1-preproduction/research/market-steps/step-01-init.md","c272fa3e7c7b62a769c5fc9d349c9cbb605e00f3f2c1f0726bf50bfe0365508c"
"md","step-01-init","gds","gds/workflows/1-preproduction/research/technical-steps/step-01-init.md","3d3aaf2c1c1d7635382eee728d989e6afdb6ddc5f9a3343a7787cc33b7d1d25b"
"md","step-01-init","gds","gds/workflows/2-design/create-prd/steps-c/step-01-init.md","7b2b06135ea2b10fedd5f8772f46a44aa6a899c8aec52d3610b0c8a443acb160"
"md","step-01-init","gds","gds/workflows/2-design/gds-create-gdd/steps/step-01-init.md","c7347610201dd5c1c2b415febd4454f45387da58ed1392fd27d1f2ca0ba7c4d8"
"md","step-01-init","gds","gds/workflows/2-design/gds-create-narrative/steps/step-01-init.md","80fa152485fa00a72a9d98dcd923fcb5a85391d149b0a475e7a4361f5632b1c6"
"md","step-01-init","gds","gds/workflows/2-design/gds-create-ux-design/steps/step-01-init.md","f531a5ca115f36c9521d7a05ebb468037f6f7875088aa5c5698eae39f3d6bdf5"
"md","step-01-init","gds","gds/workflows/3-technical/gds-game-architecture/steps/step-01-init.md","4933385115381fca3f3099ab1d7b10be8664b213487a37b83d0610a494db78e3"
"md","step-01-mode-detection","gds","gds/workflows/gds-quick-flow/gds-quick-dev/steps/step-01-mode-detection.md","88f40869c35297e66676a31c6ce76ccd67a121a81fc2fec89735f28c48257db9"
"md","step-01-understand","gds","gds/workflows/gds-quick-flow/gds-quick-spec/steps/step-01-understand.md","78b7aa155dcef3c13e1582cba1535ef237f6dee31a9785dc3d4ca8ef2e334e74"
"md","step-01-validate-prerequisites","gds","gds/workflows/3-technical/gds-create-epics-and-stories/steps/step-01-validate-prerequisites.md","29d905e7f96d184a51ec87c5eba64f7dd491b970b9702761f2023eafb9a29ab4"
"md","step-01b-continue","gds","gds/workflows/1-preproduction/gds-create-game-brief/steps/step-01b-continue.md","8ceb5147a796bed749d759eac7b4fba7c1784fd119273aafa7ddf5702292f7ba"
"md","step-01b-continue","gds","gds/workflows/2-design/create-prd/steps-c/step-01b-continue.md","dcbc9127ff17faaa4f541591467f6928de0f7189ec1cf6534ea8120a60cec2b3"
"md","step-01b-continue","gds","gds/workflows/2-design/gds-create-gdd/steps/step-01b-continue.md","0a9d0cf2f94aca1123169c1b638369d048fce292b524a1a4ce32cbbb17c2656a"
"md","step-01b-continue","gds","gds/workflows/2-design/gds-create-narrative/steps/step-01b-continue.md","6dd451f21ec91ec1b2cce70729621c29b82b541671e45b3d4c0a6b28201f6435"
"md","step-01b-continue","gds","gds/workflows/2-design/gds-create-ux-design/steps/step-01b-continue.md","2aac065c9932aa7b1c89ff6f435d8963e8127dfb63bf9f870dcc078621186e2f"
"md","step-01b-continue","gds","gds/workflows/3-technical/gds-game-architecture/steps/step-01b-continue.md","9da4da6cfaf16677f84211244831c53db2d97aaf5b32c63c3da7b859b9c42a6c"
"md","step-02-context","gds","gds/workflows/1-preproduction/gds-brainstorm-game/steps/step-02-context.md","b492108bab992b0a92926d10eac1a0891d6166f40be27858d30d7b63a1559d65"
"md","step-02-context","gds","gds/workflows/2-design/gds-create-gdd/steps/step-02-context.md","a4ec61474d4a1dca37c250378663101f44ec20bad8161911c2788253f52d0d1a"
"md","step-02-context","gds","gds/workflows/3-technical/gds-game-architecture/steps/step-02-context.md","d1efaa2520c5e60e89de3e44c35f8276cc8be67b7189265072a0fb5cfb745240"
"md","step-02-context-gathering","gds","gds/workflows/gds-quick-flow/gds-quick-dev/steps/step-02-context-gathering.md","2bc5aaf393015d9f6895c3ae53ce3c4cf59fd6d95603758b7793dd4b2a4fe9eb"
"md","step-02-customer-behavior","gds","gds/workflows/1-preproduction/research/market-steps/step-02-customer-behavior.md","d0acc9ffd4d803fe1253ef226efe841b9be64b72cd15fe6043554aee4ae02233"
"md","step-02-design-epics","gds","gds/workflows/3-technical/gds-create-epics-and-stories/steps/step-02-design-epics.md","f30b46f088a8540e9da56a98946ac163fa28365395a564176de20ee2d3d44138"
"md","step-02-discovery","gds","gds/workflows/2-design/create-prd/steps-c/step-02-discovery.md","a01dd36b136c664a50e18a4da597a323519cb5f2adfe5c96f62dc8c05345a968"
"md","step-02-discovery","gds","gds/workflows/2-design/gds-create-ux-design/steps/step-02-discovery.md","e642fae97e94a4e633b5d2fb307b0ac57d229656fc69a79910786997902aed3e"
"md","step-02-domain-analysis","gds","gds/workflows/1-preproduction/research/gds-domain-research/domain-steps/step-02-domain-analysis.md","6fe5a82ef0098b47a6a73d34b21c95e10619fdd2d1600582848b8456b749ca35"
"md","step-02-foundation","gds","gds/workflows/2-design/gds-create-narrative/steps/step-02-foundation.md","2a18e26816771ef3decf3a78b0c8d7a3607cc83fdea2f12786098d8b0f4468ea"
"md","step-02-gdd-analysis","gds","gds/workflows/3-technical/gds-check-implementation-readiness/steps/step-02-gdd-analysis.md","9e9141a287b508ddb3fc756d0e90bd97b3c73800a69a939122f4db8f68297b4f"
"md","step-02-generate","gds","gds/workflows/3-technical/gds-generate-project-context/steps/step-02-generate.md","b4399f61060ccf7509fc4fca8a83643738d58a17501fe321a7e6fb1d6dd0161a"
"md","step-02-investigate","gds","gds/workflows/gds-quick-flow/gds-quick-spec/steps/step-02-investigate.md","467fa1fec43e3e9cfd2f7107cca19b1cc2ec78692ca031c75a36e5629e4f502e"
"md","step-02-plan","gds","gds/workflows/gds-quick-flow/gds-quick-dev-new-preview/steps/step-02-plan.md","2309a85cac8df05f518c6d170cf99df5492162546985e93066af7af2a90849c1"
"md","step-02-technical-overview","gds","gds/workflows/1-preproduction/research/technical-steps/step-02-technical-overview.md","18f72e6505845fb730b10ac218dcf4706b7515a71d365df338d52345598c8b71"
"md","step-02-vision","gds","gds/workflows/1-preproduction/gds-create-game-brief/steps/step-02-vision.md","b8154145d6fc433a7752e5314b0b06fc97e2a044b59e95a57839856cf19f37f9"
"md","step-02b-vision","gds","gds/workflows/2-design/create-prd/steps-c/step-02b-vision.md","016b437dd95ff630bda0c1daf10da1345ff8f681d6f87a5cd093f244e4b3a5df"
"md","step-02c-executive-summary","gds","gds/workflows/2-design/create-prd/steps-c/step-02c-executive-summary.md","5c02859008bd87cc18b6a24ecfdcc1b0f37a7b5f962d11d39a999ff5fc5b14f3"
"md","step-03-competitive-landscape","gds","gds/workflows/1-preproduction/research/gds-domain-research/domain-steps/step-03-competitive-landscape.md","a4e67a4cc2d7f0e88e07bbf431c7d94f51dbb505f4171a6eefcba6cfb208dcd2"
"md","step-03-complete","gds","gds/workflows/3-technical/gds-generate-project-context/steps/step-03-complete.md","b33c31b630ac09ad2735a4265c5d29accab816f588fcc194b81366c2f77de20e"
"md","step-03-core-experience","gds","gds/workflows/2-design/gds-create-ux-design/steps/step-03-core-experience.md","672f6f03adaf6f9a1bf3bcc3f9ae3a4442e0e871cfce2b4eeb2ef8cd3a044e8a"
"md","step-03-create-stories","gds","gds/workflows/3-technical/gds-create-epics-and-stories/steps/step-03-create-stories.md","c5dc8ec2d39d5d2636041e446bbcfedfcae9b5d9a836a1c38eba984446cc6819"
"md","step-03-customer-pain-points","gds","gds/workflows/1-preproduction/research/market-steps/step-03-customer-pain-points.md","d1164ce4735f4c51aad6e7b4386a46d2ad4fc6b4f5261e0321f1600b3e9676b9"
"md","step-03-epic-coverage-validation","gds","gds/workflows/3-technical/gds-check-implementation-readiness/steps/step-03-epic-coverage-validation.md","382801a2562cd967e222fbe94385573c5bd910c778647b33efdd794c45cac0b2"
"md","step-03-execute","gds","gds/workflows/gds-quick-flow/gds-quick-dev/steps/step-03-execute.md","81e50efe47e434abd35c4cb7a8ca862b73f772bb9330d17f6ef14b42815aa87a"
"md","step-03-generate","gds","gds/workflows/gds-quick-flow/gds-quick-spec/steps/step-03-generate.md","efafb1906645e7f3ee5a594ba5d7c37fa34920447c013051c7e8e7909ec5677f"
"md","step-03-ideation","gds","gds/workflows/1-preproduction/gds-brainstorm-game/steps/step-03-ideation.md","ea47b3ca902f1a95c8e88c80021cc7546180fbb4aed83ff2ec084591a058eb9d"
"md","step-03-implement","gds","gds/workflows/gds-quick-flow/gds-quick-dev-new-preview/steps/step-03-implement.md","c8004eecdc0d7e5f6bb5af5b0411b15c3c121da62be37ca00294cf3debf4db7f"
"md","step-03-integration-patterns","gds","gds/workflows/1-preproduction/research/technical-steps/step-03-integration-patterns.md","bf8ad84331a789d30e336d00b1e1393a6a8b1a629385188702d0b604e6de2593"
"md","step-03-market","gds","gds/workflows/1-preproduction/gds-create-game-brief/steps/step-03-market.md","8d043cc2dedcb3bb3e985526f5f36d56138d0884d2143e9a29454800209e877a"
"md","step-03-platforms","gds","gds/workflows/2-design/gds-create-gdd/steps/step-03-platforms.md","1066fc9907a1d76105c4f1c2193eb06d950283a8dde61b6256c269abf7bfb3f3"
"md","step-03-starter","gds","gds/workflows/3-technical/gds-game-architecture/steps/step-03-starter.md","5301eaf40c947fa6fad969428383c1c0c8059bb9a05ba27c4b97a0b4eee2d36b"
"md","step-03-story","gds","gds/workflows/2-design/gds-create-narrative/steps/step-03-story.md","8690444cbcc77ad7553eb177157808d251246a4724f02c4ee80551f3de387285"
"md","step-03-success","gds","gds/workflows/2-design/create-prd/steps-c/step-03-success.md","aa15ea548bc61037619e87e712ae26860005527352c7f1f9cc4fc66b6383a0c2"
"md","step-04-architectural-patterns","gds","gds/workflows/1-preproduction/research/technical-steps/step-04-architectural-patterns.md","04c66d9c259b57dacdb28e637b5028b170ec481ddf756f373c1faf79e07381cc"
"md","step-04-characters","gds","gds/workflows/2-design/gds-create-narrative/steps/step-04-characters.md","c5078c1b54062ad265a1f2b5a1925e7e77f7a1179dd0cd1f1b87cf38e8085cc1"
"md","step-04-complete","gds","gds/workflows/1-preproduction/gds-brainstorm-game/steps/step-04-complete.md","1c8096cbd3ab8899d7626c6d1814c7425ca8794ef8b97e8f166185b2ef3fe10c"
"md","step-04-customer-decisions","gds","gds/workflows/1-preproduction/research/market-steps/step-04-customer-decisions.md","f085e1468499cdd13a865be589eaacd8505303e0db409bbc67ab33410b80d6ea"
"md","step-04-decisions","gds","gds/workflows/3-technical/gds-game-architecture/steps/step-04-decisions.md","0236744da07d0750839f455e7ab97480ddf276999dcc500cc4ea433f9eae3f1d"
"md","step-04-emotional-response","gds","gds/workflows/2-design/gds-create-ux-design/steps/step-04-emotional-response.md","8ba1619a23548d54c2a73fdf3be55a289abc6464e776165a5536f4f98ee134e1"
"md","step-04-final-validation","gds","gds/workflows/3-technical/gds-create-epics-and-stories/steps/step-04-final-validation.md","b5264d55b76a4d14892ed44cd09bf07ea35aa20ed082d8e98943ff5776a9f9aa"
"md","step-04-fundamentals","gds","gds/workflows/1-preproduction/gds-create-game-brief/steps/step-04-fundamentals.md","f66e11ed493f9b05887362efe6eb95b8aa914157dbf189a8b71208db53b43994"
"md","step-04-journeys","gds","gds/workflows/2-design/create-prd/steps-c/step-04-journeys.md","6bbbd301aa1a2b2cdb4e0a0b31a87afeffd392943e28f827f4bf916aba308104"
"md","step-04-regulatory-focus","gds","gds/workflows/1-preproduction/research/gds-domain-research/domain-steps/step-04-regulatory-focus.md","8a2b9622263b7ec614f487f72e2c879c478639f5bb9d7f6f201a5a3b0745fcb2"
"md","step-04-review","gds","gds/workflows/gds-quick-flow/gds-quick-dev-new-preview/steps/step-04-review.md","0ab788702dfb60b6987fa3a426ce6f159664dd8e4c132312767c8a720730d1f6"
"md","step-04-review","gds","gds/workflows/gds-quick-flow/gds-quick-spec/steps/step-04-review.md","05c15383ff1e9eb402149ae7fc6db6ad9e9234a31f88b216903fc3b0305717a8"
"md","step-04-self-check","gds","gds/workflows/gds-quick-flow/gds-quick-dev/steps/step-04-self-check.md","debdda9e581ccbfb76a9d966613c89e264e449f231d90883d421c8e3b87b0fff"
"md","step-04-ux-alignment","gds","gds/workflows/3-technical/gds-check-implementation-readiness/steps/step-04-ux-alignment.md","1db7f77eb51c51bf8fa57bec7756bf72e6044d824ad2fee0b1944000a2c9fee7"
"md","step-04-vision","gds","gds/workflows/2-design/gds-create-gdd/steps/step-04-vision.md","26993fdd05dd0e91b7305726c716b91ce1d9a1176fffd86aa867c0c9963d6ac3"
"md","step-05-adversarial-review","gds","gds/workflows/gds-quick-flow/gds-quick-dev/steps/step-05-adversarial-review.md","989191c1ad933c6b797888c094d3b31a627dc0b1fc8e44547be5efe1f2944025"
"md","step-05-competitive-analysis","gds","gds/workflows/1-preproduction/research/market-steps/step-05-competitive-analysis.md","1fb1ddf478d2e61fd51084d8cd272cec99f22c7be68aad4405fe8adc3261ffef"
"md","step-05-core-gameplay","gds","gds/workflows/2-design/gds-create-gdd/steps/step-05-core-gameplay.md","e9442f67972a9915ec5bfbd3cde47599e4afaf9f3e3ec9333316f300458aac41"
"md","step-05-crosscutting","gds","gds/workflows/3-technical/gds-game-architecture/steps/step-05-crosscutting.md","7a05593a0ccf48b0b0a9623ef9455bca63c8d0bec6e83d5c44f9dc4598aec80d"
"md","step-05-domain","gds","gds/workflows/2-design/create-prd/steps-c/step-05-domain.md","7e221a7d5788a2913b70b5c97590d29f79c2aa9d5b1eef2b84606781ef79daae"
"md","step-05-epic-quality-review","gds","gds/workflows/3-technical/gds-check-implementation-readiness/steps/step-05-epic-quality-review.md","e8df458084637eb3b2e426835ab500af53deb642bcbe09f35c2b257d159ca9b3"
"md","step-05-implementation-research","gds","gds/workflows/1-preproduction/research/technical-steps/step-05-implementation-research.md","471ec015a842d425f5d3b86af556ab1e322762ca763e604e70cf2191e407f489"
"md","step-05-inspiration","gds","gds/workflows/2-design/gds-create-ux-design/steps/step-05-inspiration.md","56df236ca8fcd2f7659f67f708f4e5dd63133926771df47db8c2309605f20b08"
"md","step-05-present","gds","gds/workflows/gds-quick-flow/gds-quick-dev-new-preview/steps/step-05-present.md","925f1051b3cf93ca7fe78ec75c1a582ea7abc69005c646b4add834998d026b8d"
"md","step-05-scope","gds","gds/workflows/1-preproduction/gds-create-game-brief/steps/step-05-scope.md","0a20fc4acb6752878394e47c181b8719a7052226c0f24571d315a6810273ff7d"
"md","step-05-technical-trends","gds","gds/workflows/1-preproduction/research/gds-domain-research/domain-steps/step-05-technical-trends.md","e7b184a75617338b9ae2834d1d3b16cbe33c49131bfd2486e731c20305005975"
"md","step-05-world","gds","gds/workflows/2-design/gds-create-narrative/steps/step-05-world.md","d8457ce14c7692d2218d2e6daab5c3e82ad50acf22d0a4655efcd57d19bd652e"
"md","step-06-design-system","gds","gds/workflows/2-design/gds-create-ux-design/steps/step-06-design-system.md","d46a5eb992c7b6e3c299c69f0861783da9871e8c98135868a40e1ce65c795bed"
"md","step-06-dialogue","gds","gds/workflows/2-design/gds-create-narrative/steps/step-06-dialogue.md","78c12fd2a8e3450c56b31cc8690b6e3ed9484aef0a51478c0e9b4befbf0f6511"
"md","step-06-final-assessment","gds","gds/workflows/3-technical/gds-check-implementation-readiness/steps/step-06-final-assessment.md","ea01383df91fc751a260d903db18891f611b0956097d01cd56921f3a01262966"
"md","step-06-innovation","gds","gds/workflows/2-design/create-prd/steps-c/step-06-innovation.md","f9c0d65d7346a213166040eb13ffe40db0f2fc1e115aa394e4d0c9ca6e3b7638"
"md","step-06-mechanics","gds","gds/workflows/2-design/gds-create-gdd/steps/step-06-mechanics.md","3f38fd1e71f3b9ba0b3dd752c452699b835bc87a5921a179042d5953a64264c8"
"md","step-06-references","gds","gds/workflows/1-preproduction/gds-create-game-brief/steps/step-06-references.md","1766591650b86361b913088968af5a303ab5966d873773079cb27f2745e40063"
"md","step-06-research-completion","gds","gds/workflows/1-preproduction/research/market-steps/step-06-research-completion.md","87cec5d054bdd13b6a61498b99ba958f5f4a58e30810629780d78932da549f23"
"md","step-06-research-synthesis","gds","gds/workflows/1-preproduction/research/gds-domain-research/domain-steps/step-06-research-synthesis.md","eec5a017fa74135323df67948e3d80563d497f6267d80e97e82fe93abeda48cf"
"md","step-06-research-synthesis","gds","gds/workflows/1-preproduction/research/technical-steps/step-06-research-synthesis.md","6a8d076da0d142acab6688aa5f0ae5f919200922cc4eb94818d9c1d66755c1ee"
"md","step-06-resolve-findings","gds","gds/workflows/gds-quick-flow/gds-quick-dev/steps/step-06-resolve-findings.md","d3dbd23234ac15b66084bf5d04fb625ad38b8f96a105b0c2c32b73398f458de9"
"md","step-06-structure","gds","gds/workflows/3-technical/gds-game-architecture/steps/step-06-structure.md","c7832281301c17063332b5d47df63c42b2b52e22676b3b9cf78e85f94db78078"
"md","step-07-content","gds","gds/workflows/1-preproduction/gds-create-game-brief/steps/step-07-content.md","22603c5a05a3d30e01670466edd9a7a9231b47644782b86f3509ab0ef04805ac"
"md","step-07-defining-experience","gds","gds/workflows/2-design/gds-create-ux-design/steps/step-07-defining-experience.md","2d323096113d8f71371209190f612342f109f7a05ac32468d9daba7d882d1a69"
"md","step-07-environmental","gds","gds/workflows/2-design/gds-create-narrative/steps/step-07-environmental.md","573b4518b79a24b05d48f8b162c7b44adcd5be866681f2c64e3f6a02ed0ea7b8"
"md","step-07-game-type","gds","gds/workflows/2-design/gds-create-gdd/steps/step-07-game-type.md","018ca9aa55360d89c79a587b22ef32b95655b5b428ff392fbfdacf053f6b65ed"
"md","step-07-patterns","gds","gds/workflows/3-technical/gds-game-architecture/steps/step-07-patterns.md","4d967525580633257e473d9b7df442e2ccf6f09609dce0f422d0251e56dda0ff"
"md","step-07-project-type","gds","gds/workflows/2-design/create-prd/steps-c/step-07-project-type.md","9429ad6d9290cf193a81ba20051251a8acaa68c1424add702d2ab8c30aca8474"
"md","step-08-complete","gds","gds/workflows/1-preproduction/gds-create-game-brief/steps/step-08-complete.md","a15b9adb6574e392725b277b7432cc6f2652f3186394b30ff666f737d70c4d74"
"md","step-08-delivery","gds","gds/workflows/2-design/gds-create-narrative/steps/step-08-delivery.md","3a5ac4ba10450c3e4ebde521771ad5b1f605470fc7d5d04d5b7bbdd46256b3d8"
"md","step-08-progression","gds","gds/workflows/2-design/gds-create-gdd/steps/step-08-progression.md","7db3426b58af8658902da43c0d587c1165d8295f8cfc0c5d85f9810b89e567a4"
"md","step-08-scoping","gds","gds/workflows/2-design/create-prd/steps-c/step-08-scoping.md","3f2bdea027c131a4c930a83004773efcb6d755e849da3c190332ca7c86770fb5"
"md","step-08-validation","gds","gds/workflows/3-technical/gds-game-architecture/steps/step-08-validation.md","3cb3df33d566fa8faf07f5738c73022439a0e6b128eef787f62a061aaf0563bc"
"md","step-08-visual-foundation","gds","gds/workflows/2-design/gds-create-ux-design/steps/step-08-visual-foundation.md","68c15e007c4109a8236ae0db2417811590347e753882aff0545f5f040448d039"
"md","step-09-complete","gds","gds/workflows/3-technical/gds-game-architecture/steps/step-09-complete.md","6471788b6db958eaea44756c077eed043997be8e47d4497644c4255338cbb3e7"
"md","step-09-design-directions","gds","gds/workflows/2-design/gds-create-ux-design/steps/step-09-design-directions.md","6da82a5431d3016e0dabc99575267d0745630fdfe1109cf3a9bc0be550aad490"
"md","step-09-functional","gds","gds/workflows/2-design/create-prd/steps-c/step-09-functional.md","b600f4b483bc2fbddf7bcf19597f840606aca8faaf33758c097323e2fc25b097"
"md","step-09-integration","gds","gds/workflows/2-design/gds-create-narrative/steps/step-09-integration.md","ef172e03f061e64da088d683952b091cd1246702efba03994cff5331b8b2070f"
"md","step-09-levels","gds","gds/workflows/2-design/gds-create-gdd/steps/step-09-levels.md","53f5bc1ffe041080ead481bc83e4a52cba1f2444c5c1562159d5d3436fb554e0"
"md","step-10-art-audio","gds","gds/workflows/2-design/gds-create-gdd/steps/step-10-art-audio.md","ed6ea4b22a66a074a739271e7a12e4d04251c37991c3c75d19211dfb46696a54"
"md","step-10-nonfunctional","gds","gds/workflows/2-design/create-prd/steps-c/step-10-nonfunctional.md","e55b64595db786371eb88e85efa9c626c5220d309e5f88ba547f1241330b2909"
"md","step-10-production","gds","gds/workflows/2-design/gds-create-narrative/steps/step-10-production.md","f5ec87dfdf0ceaaf4531edd6d52b2b21cc0b1e96fcb191902224c39ef7ddc446"
"md","step-10-user-journeys","gds","gds/workflows/2-design/gds-create-ux-design/steps/step-10-user-journeys.md","5fa8030507659e89c02302f46e1003d3627688cb2bd8f7fe1dcbdbce07bc98e0"
"md","step-11-complete","gds","gds/workflows/2-design/gds-create-narrative/steps/step-11-complete.md","ef05e5548407026287959a632cc24137a34a3b2e6682330d01541380a31db881"
"md","step-11-component-strategy","gds","gds/workflows/2-design/gds-create-ux-design/steps/step-11-component-strategy.md","a170e524d2bed79b6cc032c320de545fcd62b106319655159f83c3e9bd2569de"
"md","step-11-polish","gds","gds/workflows/2-design/create-prd/steps-c/step-11-polish.md","94a42e4b17f8b563d5149a9c36ec062e15f7c821fd0e582ca038228e5c4c771f"
"md","step-11-technical","gds","gds/workflows/2-design/gds-create-gdd/steps/step-11-technical.md","fbc14b7f1410cf02f830e7dba3656b1822f398733e1a89944447fff2f48ba19a"
"md","step-12-complete","gds","gds/workflows/2-design/create-prd/steps-c/step-12-complete.md","457c153b4a78b18ff1060ce42c66592024cfcb881eaf69211f26385e836d6b9b"
"md","step-12-epics","gds","gds/workflows/2-design/gds-create-gdd/steps/step-12-epics.md","2aaabda8e2483371d0c87e867c4fbd98104a10d18be8f74e71f36a8c9770831c"
"md","step-12-ux-patterns","gds","gds/workflows/2-design/gds-create-ux-design/steps/step-12-ux-patterns.md","1c2b1a1a2b244652e5a600eeed91896ebcb64055057c7871ea1f19d9d6440d5c"
"md","step-13-metrics","gds","gds/workflows/2-design/gds-create-gdd/steps/step-13-metrics.md","1704c683b741a4a87aa60c5fe2c7fe420365edc92d94903dc2d02a9ad4a96785"
"md","step-13-responsive-accessibility","gds","gds/workflows/2-design/gds-create-ux-design/steps/step-13-responsive-accessibility.md","3db309f70ba44e4c8ad008fc5ea16ea1442cf668151a5a58292ea2ee0ad93bbc"
"md","step-14-complete","gds","gds/workflows/2-design/gds-create-gdd/steps/step-14-complete.md","6c6d2479915afbe7226e0f659fdb43312e5b9e3eb276a856ffc943023a446415"
"md","step-14-complete","gds","gds/workflows/2-design/gds-create-ux-design/steps/step-14-complete.md","d3a52d397ad173527221efcac5ea81eb2800d77d78c908a4136bfaa3ebaad252"
"md","step-e-01-discovery","gds","gds/workflows/2-design/create-prd/steps-e/step-e-01-discovery.md","fbd8df003e0f63f3e82506e4332f02b2f3e7948efabe558b9fd42f86a3f148c9"
"md","step-e-01b-legacy-conversion","gds","gds/workflows/2-design/create-prd/steps-e/step-e-01b-legacy-conversion.md","01d4678fd985ee4751191b5a5231484ca601642eca7b0dc442074d3175299b71"
"md","step-e-02-review","gds","gds/workflows/2-design/create-prd/steps-e/step-e-02-review.md","a988bf071a0c56b38bda64fabd55c908204fea13f6783c4c040241fd3c1ad190"
"md","step-e-03-edit","gds","gds/workflows/2-design/create-prd/steps-e/step-e-03-edit.md","caa5c9678adcfd26eed92dac583453bcc37ee10b9d377d14c62c464a7cc08876"
"md","step-e-04-complete","gds","gds/workflows/2-design/create-prd/steps-e/step-e-04-complete.md","b20fb364ffb23e6e6514c56b1cb21c739e0219d9885b8bcae5fded315b1d00c2"
"md","step-v-01-discovery","gds","gds/workflows/2-design/create-prd/steps-v/step-v-01-discovery.md","6c52563105ca80e3d84496e1c2e9af09fb7fcf6d3d41f5e1de759db16ccd31a2"
"md","step-v-02-format-detection","gds","gds/workflows/2-design/create-prd/steps-v/step-v-02-format-detection.md","a1ad3032654c759c0111801a533bf68a8b841b5b2efd32947217c4286e1029f7"
"md","step-v-02b-parity-check","gds","gds/workflows/2-design/create-prd/steps-v/step-v-02b-parity-check.md","9285dab13b9b10901ac3e89c19fba59af5b97c360c387ff526144bec824ee693"
"md","step-v-03-density-validation","gds","gds/workflows/2-design/create-prd/steps-v/step-v-03-density-validation.md","2671fa76bb53ec523944d1dc706d804ca353e9422f29609a9b423d2b2a7a114c"
"md","step-v-04-brief-coverage-validation","gds","gds/workflows/2-design/create-prd/steps-v/step-v-04-brief-coverage-validation.md","d0fd2b63610a7ae7c6a8f1aca716d8d208f908599583e389a03fab643d4803c9"
"md","step-v-05-measurability-validation","gds","gds/workflows/2-design/create-prd/steps-v/step-v-05-measurability-validation.md","2d32a4cc033a9a977543e268db617eca82488eae13ef754dd4bcac7105e8533a"
"md","step-v-06-traceability-validation","gds","gds/workflows/2-design/create-prd/steps-v/step-v-06-traceability-validation.md","cec17c3a8dba4d9f170ea3150254d95f17658f4ae8c7d6ee68cd63ebcafbfaba"
"md","step-v-07-implementation-leakage-validation","gds","gds/workflows/2-design/create-prd/steps-v/step-v-07-implementation-leakage-validation.md","54ececda83a674e1e609168b56b8083cb596a256cae220197b0e46c287c61248"
"md","step-v-08-domain-compliance-validation","gds","gds/workflows/2-design/create-prd/steps-v/step-v-08-domain-compliance-validation.md","7f21ad977150d9280b2a7ede37b76305bd42d48ee00176d146b522deeb02494e"
"md","step-v-09-project-type-validation","gds","gds/workflows/2-design/create-prd/steps-v/step-v-09-project-type-validation.md","a8769227f61fc2512bcfb89122a561943dcbb51c5c8d703e8112b1ff5dc7da08"
"md","step-v-10-smart-validation","gds","gds/workflows/2-design/create-prd/steps-v/step-v-10-smart-validation.md","3f517e15b8eee35904e0288a800c00c6c306287b31ac41d2c5fb1c4f24d2cd92"
"md","step-v-11-holistic-quality-validation","gds","gds/workflows/2-design/create-prd/steps-v/step-v-11-holistic-quality-validation.md","7e9bdfbb581a1c0382302f1eaf4a039f8c7aff10ecadb41cb2dc8307e29ec032"
"md","step-v-12-completeness-validation","gds","gds/workflows/2-design/create-prd/steps-v/step-v-12-completeness-validation.md","612ae0afb762034b8b479c70458d4848bffc72ccad3a7a2a87a563fd059cf7aa"
"md","step-v-13-report-complete","gds","gds/workflows/2-design/create-prd/steps-v/step-v-13-report-complete.md","5d758fb68ba847d608826d00bd31835c312481a210df11b27af72c152aa4c135"
"md","strategy","gds","gds/workflows/2-design/gds-create-gdd/game-types/strategy.md","3b453b6e3a70d65ec2428bf53195edcb5c3f194341110f4034d55c9707fac65d"
"md","survival","gds","gds/workflows/2-design/gds-create-gdd/game-types/survival.md","524f50b6929bab7b10dbcc2437002cb79139188594e6d17ceb7abecd76e8b295"
"md","tech-spec-template","gds","gds/workflows/gds-quick-flow/gds-quick-dev-new-preview/tech-spec-template.md","9c41e1ad4c07627a0978ab2d5b87a53357e3e2a1222b01a57a640cbacd010a09"
"md","tech-spec-template","gds","gds/workflows/gds-quick-flow/gds-quick-spec/tech-spec-template.md","7186c7c1a8a327b3e9598f2711666540736569f46fd0ba5751f0f2c03e5e9a01"
"md","template","gds","gds/workflows/4-production/gds-create-story/template.md","a7ac18d4dd1f8e2dd9f54edc82c760c04313ad30945dd3ef676da6af3cdfe7a9"
"md","test-design-template","gds","gds/workflows/gametest/gds-test-design/test-design-template.md","cdc62ad21c1970ff99594fd8f965ca208013e5f2fe1947f08ef169d9830c6336"
"md","test-priorities","gds","gds/gametest/knowledge/test-priorities.md","ab91b9b455586553ea5bf9f991db3a88613bf6e57ca230cc9a4f713364f9799b"
"md","test-review-template","gds","gds/workflows/gametest/gds-test-review/test-review-template.md","99166ae52604775b0f51f5a7b569fcf658803bdb57a210807bee7c10173816c5"
"md","text-based","gds","gds/workflows/2-design/gds-create-gdd/game-types/text-based.md","96c1d8cd99377cbebb873c5d660534f7fbfb848f503511eb24a25fe1e25ab4bf"
"md","tower-defense","gds","gds/workflows/2-design/gds-create-gdd/game-types/tower-defense.md","c53a3bcb028d93bede1926d4c4b32a84321fe0ab5238974fe855e86631030b70"
"md","turn-based-tactics","gds","gds/workflows/2-design/gds-create-gdd/game-types/turn-based-tactics.md","5438cbf5fc800facfe724651821ba851231ccb1e26cd83ab658ead9a012c695d"
"md","unity-engine","gds","gds/workflows/3-technical/gds-game-architecture/knowledge/unity-engine.md","691e75872ce221c8ae92814065d35720ae260adcd71e5bb107686ad086bdde99"
"md","unity-testing","gds","gds/gametest/knowledge/unity-testing.md","7e196ea43cf8b35b4b290269ec24bf49f1fdf57c81987e7a9f0aeb2a48d94b11"
"md","unreal-engine","gds","gds/workflows/3-technical/gds-game-architecture/knowledge/unreal-engine.md","04027d82f7add176d072d34e23f2d498a256c2a0a2ca4f8927b195edfac07205"
"md","unreal-testing","gds","gds/gametest/knowledge/unreal-testing.md","d3d656434f9fddee65e8b0a4826067176663be2373fdcb240f5c37dcd8e11c05"
"md","update-standards","gds","gds/agents/gds-agent-tech-writer/update-standards.md","6a8347dca807b77463d9d5789710d2915624d90ffe1871a046fd0260b93342e5"
"md","ux-design-template","gds","gds/workflows/2-design/gds-create-ux-design/ux-design-template.md","e3243405e033ac20fc1f39f2ec39f60629a00599b7638b5b17be8ce1cb65974c"
"md","validate-doc","gds","gds/agents/gds-agent-tech-writer/validate-doc.md","2760f64d721e07df5ae733f7775da23a1e9f6042747d498a077b80ada96ab8e4"
"md","visual-novel","gds","gds/workflows/2-design/gds-create-gdd/game-types/visual-novel.md","c069fdf5a0bc18a129cf4ce1362e1b67b627943a0e40bdf46730e92202ea797a"
"md","workflow","gds","gds/workflows/1-preproduction/gds-brainstorm-game/workflow.md","3a26d498c5e6f53b5a3108e4ddf97d71424ff951f0971e48444eeee698b0bb86"
"md","workflow","gds","gds/workflows/1-preproduction/gds-create-game-brief/workflow.md","4725ca8e2d586a4ffe2f1ef5937f707e53bdda16e45e46f583586d009e0a48bc"
"md","workflow","gds","gds/workflows/1-preproduction/research/gds-domain-research/workflow.md","13b86954c99663fc2a917a66efd3a9c13a1eb6827a69c8f55de5b2048c090340"
"md","workflow","gds","gds/workflows/2-design/gds-create-gdd/workflow.md","4bd9a5ffdbebd7a1949e1f84a6cbf91ba0d6986945b1cbc0884388b5b423657f"
"md","workflow","gds","gds/workflows/2-design/gds-create-narrative/workflow.md","148ebc874b20a00af10ff1611b82a0497bcc4388f9656ac555c60d03939aa418"
"md","workflow","gds","gds/workflows/2-design/gds-create-ux-design/workflow.md","00e106fba53ed5b5ea65e0ff2396dda906a88700cdba9e0acca4510fccba483b"
"md","workflow","gds","gds/workflows/3-technical/gds-check-implementation-readiness/workflow.md","f87043d5049e46362b72a8020b445dc6150f61b34836704d63f4c34915720e16"
"md","workflow","gds","gds/workflows/3-technical/gds-create-epics-and-stories/workflow.md","bde71f24b189b1417b7f7bbed38757effac57b79f57e28e0c6d577f4d4a9fa62"
"md","workflow","gds","gds/workflows/3-technical/gds-game-architecture/workflow.md","ab58d93315ac4fd0473da6cc8994d8581200b64e290aa66ee65797ca5de8463e"
"md","workflow","gds","gds/workflows/3-technical/gds-generate-project-context/workflow.md","1fd8c88d99537fcf00d42fc09497c422c52dbc09042f567240c02d2842872687"
"md","workflow","gds","gds/workflows/4-production/gds-code-review/workflow.md","1acd52e36ae4029821f5be58288ae44cf6dcf2d11cba548bb2f1cb01681dd630"
"md","workflow","gds","gds/workflows/4-production/gds-correct-course/workflow.md","0d3eee92c028f32b0125238da0ccb32961770766c4d6cef51416ec1fd08270f7"
"md","workflow","gds","gds/workflows/4-production/gds-create-story/workflow.md","0e825e1318fd71496fe48bfd183277868725981b262d0c97deb678cbcd46246f"
"md","workflow","gds","gds/workflows/4-production/gds-dev-story/workflow.md","9bf721dbf24a47e184a03631d90eb72f15db6653ad02b78c10fc76cfe2de8941"
"md","workflow","gds","gds/workflows/4-production/gds-retrospective/workflow.md","d20eb8e83f695783edb1ea16fd167455665d9f70c1dfb03635465588d6f3988e"
"md","workflow","gds","gds/workflows/4-production/gds-sprint-planning/workflow.md","374e76ec2b5c5403177cd967b9e0a586ea6440e0a9ce52c0eb306fdaee3a2947"
"md","workflow","gds","gds/workflows/4-production/gds-sprint-status/workflow.md","8667db9c4a3235710753730f3aa0bf8638abf6fea10132e65a39ada994179564"
"md","workflow","gds","gds/workflows/gametest/gds-e2e-scaffold/workflow.md","58e0ec0f4c3a3a959913cb465791f6bff26070bc3ef1eb6f4117dbaa0ca4b75e"
"md","workflow","gds","gds/workflows/gametest/gds-performance-test/workflow.md","111a9ee443ee415f6f3b249066b65139aa87e680f43f881039990b7397ec4c87"
"md","workflow","gds","gds/workflows/gametest/gds-playtest-plan/workflow.md","bfeca5a538f70de2a5e74a5f0e43f4fbf9863354cdbd5eee55aec8b68d9840f2"
"md","workflow","gds","gds/workflows/gametest/gds-test-automate/workflow.md","ff345ef7ad80c54899e56dc9e33f4fa27f8610b3de5a17e39d16732b6c255735"
"md","workflow","gds","gds/workflows/gametest/gds-test-design/workflow.md","872661cae2fdb87aea86c382cc1bc5def713e3aae8a82d52d6786b0c1a37f710"
"md","workflow","gds","gds/workflows/gametest/gds-test-framework/workflow.md","44bba0b0c8548491b4f6868e4c6af5522ae9a2fd36290e22562d2c80537952c6"
"md","workflow","gds","gds/workflows/gametest/gds-test-review/workflow.md","b25e28ff17f06bf30e416f37c048146bd4b6180593a120b3af828f838a20ea8e"
"md","workflow","gds","gds/workflows/gds-document-project/workflow.md","b1985f65a5042d9881b106d6ad46c0afa50dc5fb496d7d95df29a4955a060801"
"md","workflow","gds","gds/workflows/gds-quick-flow/gds-quick-dev/workflow.md","60ca94e5269fa6f494124cb1d90894af640d36235cbe535629831b8c08fdf3d1"
"md","workflow","gds","gds/workflows/gds-quick-flow/gds-quick-dev-new-preview/workflow.md","16241ae0c2b520196ddcdca11d731b33c9d73bfc1c4635111122945da1f41489"
"md","workflow","gds","gds/workflows/gds-quick-flow/gds-quick-spec/workflow.md","8d17b7d15237e5e7b0efbc3b58dc8c5a1bba71ec8809d9aa2becba588c0a89f1"
"md","workflow-create-prd","gds","gds/workflows/2-design/create-prd/workflow-create-prd.md","bdbc386dc51aa70e9a161518e885c5cb8707b636fa0af2ea2f4bfa90159f21c6"
"md","workflow-edit-prd","gds","gds/workflows/2-design/create-prd/workflow-edit-prd.md","4fb7db71342a544b14bb7d712be3913ea7187582c09067b03d76f355abe19404"
"md","workflow-market-research","gds","gds/workflows/1-preproduction/research/workflow-market-research.md","9afe7ef4a72b78d8e599e0925a8deeb2f322997b0da227330b2d7830e0281a94"
"md","workflow-technical-research","gds","gds/workflows/1-preproduction/research/workflow-technical-research.md","22292fc0a6d7a9402b65c4e2493e5a7585bdb8aec84ac86fabfd5f949198ad77"
"md","workflow-validate-prd","gds","gds/workflows/2-design/create-prd/workflow-validate-prd.md","11084529722cb684d0fbb2cbf25ba500b365b046e29db3017c87381db0bcee21"
"md","write-document","gds","gds/agents/gds-agent-tech-writer/write-document.md","4a35fd0466f842f55331707eb2b9656c09623e7c84a4f64f2a13771aa18b88f1"
"yaml","architecture-patterns","gds","gds/workflows/3-technical/gds-game-architecture/architecture-patterns.yaml","ed3f948cb7ddd4b928bf6aa26d84695ade787f1979396f6230ea2c4cd9408ad3"
"yaml","bmad-skill-manifest","gds","gds/agents/gds-agent-game-architect/bmad-skill-manifest.yaml","6d41aebf7a26047fefbc12dba5468c7b8df9a99fe31a38224153a69e89f07a34"
"yaml","bmad-skill-manifest","gds","gds/agents/gds-agent-game-designer/bmad-skill-manifest.yaml","2d47adea8e3222764a7f4c64335a2fb73fa8ead39fbe7501bc290693d01b2989"
"yaml","bmad-skill-manifest","gds","gds/agents/gds-agent-game-dev/bmad-skill-manifest.yaml","a00a023eb51b7a0e085a3d07e9d6394f167378ff4e61f8c9962fe3e794a7f7f7"
"yaml","bmad-skill-manifest","gds","gds/agents/gds-agent-game-qa/bmad-skill-manifest.yaml","a4df60f13bd59e0b692b68ce0afa7cbd4231e56fb2d2938ffa245384e4ffc4fe"
"yaml","bmad-skill-manifest","gds","gds/agents/gds-agent-game-scrum-master/bmad-skill-manifest.yaml","e3fef45b70ad82169a975e59d8d9c21827e959c7ab2107ca11b40870e1e54b1a"
"yaml","bmad-skill-manifest","gds","gds/agents/gds-agent-game-solo-dev/bmad-skill-manifest.yaml","4b74dd1e1bc690575221735ab4e13037bff501d411310cacf53511e2e8fb18a9"
"yaml","bmad-skill-manifest","gds","gds/agents/gds-agent-tech-writer/bmad-skill-manifest.yaml","2ba04ff6950f5abbc772da1bed54ac7d6d9860697f277951f99b4fe099c1b88d"
"yaml","bmad-skill-manifest","gds","gds/workflows/1-preproduction/gds-brainstorm-game/bmad-skill-manifest.yaml","fba78c307309490c064510a2d87d29e608120d600a705fd1d6b110adbdb68e63"
"yaml","bmad-skill-manifest","gds","gds/workflows/1-preproduction/gds-create-game-brief/bmad-skill-manifest.yaml","fba78c307309490c064510a2d87d29e608120d600a705fd1d6b110adbdb68e63"
"yaml","bmad-skill-manifest","gds","gds/workflows/1-preproduction/research/bmad-skill-manifest.yaml","f4a69a34f8589ec87639b7ba082e0d9007ef4dd993de4a04f681667039020694"
"yaml","bmad-skill-manifest","gds","gds/workflows/1-preproduction/research/gds-domain-research/bmad-skill-manifest.yaml","fba78c307309490c064510a2d87d29e608120d600a705fd1d6b110adbdb68e63"
"yaml","bmad-skill-manifest","gds","gds/workflows/2-design/create-prd/bmad-skill-manifest.yaml","200660e2f30e654640f26c29a325875e77e90850b0ec1c7a618055e23a7a474a"
"yaml","bmad-skill-manifest","gds","gds/workflows/2-design/gds-create-gdd/bmad-skill-manifest.yaml","fba78c307309490c064510a2d87d29e608120d600a705fd1d6b110adbdb68e63"
"yaml","bmad-skill-manifest","gds","gds/workflows/2-design/gds-create-narrative/bmad-skill-manifest.yaml","fba78c307309490c064510a2d87d29e608120d600a705fd1d6b110adbdb68e63"
"yaml","bmad-skill-manifest","gds","gds/workflows/2-design/gds-create-ux-design/bmad-skill-manifest.yaml","fba78c307309490c064510a2d87d29e608120d600a705fd1d6b110adbdb68e63"
"yaml","bmad-skill-manifest","gds","gds/workflows/3-technical/gds-check-implementation-readiness/bmad-skill-manifest.yaml","fba78c307309490c064510a2d87d29e608120d600a705fd1d6b110adbdb68e63"
"yaml","bmad-skill-manifest","gds","gds/workflows/3-technical/gds-create-epics-and-stories/bmad-skill-manifest.yaml","fba78c307309490c064510a2d87d29e608120d600a705fd1d6b110adbdb68e63"
"yaml","bmad-skill-manifest","gds","gds/workflows/3-technical/gds-game-architecture/bmad-skill-manifest.yaml","fba78c307309490c064510a2d87d29e608120d600a705fd1d6b110adbdb68e63"
"yaml","bmad-skill-manifest","gds","gds/workflows/3-technical/gds-generate-project-context/bmad-skill-manifest.yaml","fba78c307309490c064510a2d87d29e608120d600a705fd1d6b110adbdb68e63"
"yaml","bmad-skill-manifest","gds","gds/workflows/4-production/gds-code-review/bmad-skill-manifest.yaml","fba78c307309490c064510a2d87d29e608120d600a705fd1d6b110adbdb68e63"
"yaml","bmad-skill-manifest","gds","gds/workflows/4-production/gds-correct-course/bmad-skill-manifest.yaml","fba78c307309490c064510a2d87d29e608120d600a705fd1d6b110adbdb68e63"
"yaml","bmad-skill-manifest","gds","gds/workflows/4-production/gds-create-story/bmad-skill-manifest.yaml","fba78c307309490c064510a2d87d29e608120d600a705fd1d6b110adbdb68e63"
"yaml","bmad-skill-manifest","gds","gds/workflows/4-production/gds-dev-story/bmad-skill-manifest.yaml","fba78c307309490c064510a2d87d29e608120d600a705fd1d6b110adbdb68e63"
"yaml","bmad-skill-manifest","gds","gds/workflows/4-production/gds-retrospective/bmad-skill-manifest.yaml","fba78c307309490c064510a2d87d29e608120d600a705fd1d6b110adbdb68e63"
"yaml","bmad-skill-manifest","gds","gds/workflows/4-production/gds-sprint-planning/bmad-skill-manifest.yaml","fba78c307309490c064510a2d87d29e608120d600a705fd1d6b110adbdb68e63"
"yaml","bmad-skill-manifest","gds","gds/workflows/4-production/gds-sprint-status/bmad-skill-manifest.yaml","fba78c307309490c064510a2d87d29e608120d600a705fd1d6b110adbdb68e63"
"yaml","bmad-skill-manifest","gds","gds/workflows/gametest/gds-e2e-scaffold/bmad-skill-manifest.yaml","fba78c307309490c064510a2d87d29e608120d600a705fd1d6b110adbdb68e63"
"yaml","bmad-skill-manifest","gds","gds/workflows/gametest/gds-performance-test/bmad-skill-manifest.yaml","fba78c307309490c064510a2d87d29e608120d600a705fd1d6b110adbdb68e63"
"yaml","bmad-skill-manifest","gds","gds/workflows/gametest/gds-playtest-plan/bmad-skill-manifest.yaml","fba78c307309490c064510a2d87d29e608120d600a705fd1d6b110adbdb68e63"
"yaml","bmad-skill-manifest","gds","gds/workflows/gametest/gds-test-automate/bmad-skill-manifest.yaml","fba78c307309490c064510a2d87d29e608120d600a705fd1d6b110adbdb68e63"
"yaml","bmad-skill-manifest","gds","gds/workflows/gametest/gds-test-design/bmad-skill-manifest.yaml","fba78c307309490c064510a2d87d29e608120d600a705fd1d6b110adbdb68e63"
"yaml","bmad-skill-manifest","gds","gds/workflows/gametest/gds-test-framework/bmad-skill-manifest.yaml","fba78c307309490c064510a2d87d29e608120d600a705fd1d6b110adbdb68e63"
"yaml","bmad-skill-manifest","gds","gds/workflows/gametest/gds-test-review/bmad-skill-manifest.yaml","fba78c307309490c064510a2d87d29e608120d600a705fd1d6b110adbdb68e63"
"yaml","bmad-skill-manifest","gds","gds/workflows/gds-document-project/bmad-skill-manifest.yaml","fba78c307309490c064510a2d87d29e608120d600a705fd1d6b110adbdb68e63"
"yaml","bmad-skill-manifest","gds","gds/workflows/gds-quick-flow/gds-quick-dev/bmad-skill-manifest.yaml","fba78c307309490c064510a2d87d29e608120d600a705fd1d6b110adbdb68e63"
"yaml","bmad-skill-manifest","gds","gds/workflows/gds-quick-flow/gds-quick-dev-new-preview/bmad-skill-manifest.yaml","fba78c307309490c064510a2d87d29e608120d600a705fd1d6b110adbdb68e63"
"yaml","bmad-skill-manifest","gds","gds/workflows/gds-quick-flow/gds-quick-spec/bmad-skill-manifest.yaml","fba78c307309490c064510a2d87d29e608120d600a705fd1d6b110adbdb68e63"
"yaml","config","gds","gds/config.yaml","93b044686b613b5efac55e1f9c68388584c839e1a6ba2c3c760bc7988608430d"
"yaml","decision-catalog","gds","gds/workflows/3-technical/gds-game-architecture/decision-catalog.yaml","ea7d7c5b13c8ce04e2e8dde7ef4273169627d66fcc3c74463e930e15cee7d6ae"
"yaml","engine-mcps","gds","gds/workflows/3-technical/gds-game-architecture/engine-mcps.yaml","432213f4a4ce2b9b9946fda108bd145abdc95f1ae2e7a8a8f03103f934015557"
"yaml","sprint-status-template","gds","gds/workflows/4-production/gds-sprint-planning/sprint-status-template.yaml","7bad0cc622ecbd33346d76f625333ff7c4d8aa21d48ce27075050f79a1a58065"
"csv","module-help","tea","tea/module-help.csv","29b7debb652ad05e2892bcd7563261df8ef26bb8b3e457024d4c7bfbc6e3a12f"
"csv","tea-index","tea","tea/agents/bmad-tea/resources/tea-index.csv","97ab0b459d89fa419f7d58f5428b5585db82c3dbae4dfbe54c852fc14c999d32"
"csv","tea-index","tea","tea/workflows/testarch/bmad-testarch-atdd/resources/tea-index.csv","97ab0b459d89fa419f7d58f5428b5585db82c3dbae4dfbe54c852fc14c999d32"
"csv","tea-index","tea","tea/workflows/testarch/bmad-testarch-automate/resources/tea-index.csv","97ab0b459d89fa419f7d58f5428b5585db82c3dbae4dfbe54c852fc14c999d32"
"csv","tea-index","tea","tea/workflows/testarch/bmad-testarch-ci/resources/tea-index.csv","97ab0b459d89fa419f7d58f5428b5585db82c3dbae4dfbe54c852fc14c999d32"
"csv","tea-index","tea","tea/workflows/testarch/bmad-testarch-framework/resources/tea-index.csv","97ab0b459d89fa419f7d58f5428b5585db82c3dbae4dfbe54c852fc14c999d32"
"csv","tea-index","tea","tea/workflows/testarch/bmad-testarch-nfr/resources/tea-index.csv","97ab0b459d89fa419f7d58f5428b5585db82c3dbae4dfbe54c852fc14c999d32"
"csv","tea-index","tea","tea/workflows/testarch/bmad-testarch-test-design/resources/tea-index.csv","97ab0b459d89fa419f7d58f5428b5585db82c3dbae4dfbe54c852fc14c999d32"
"csv","tea-index","tea","tea/workflows/testarch/bmad-testarch-test-review/resources/tea-index.csv","97ab0b459d89fa419f7d58f5428b5585db82c3dbae4dfbe54c852fc14c999d32"
"csv","tea-index","tea","tea/workflows/testarch/bmad-testarch-trace/resources/tea-index.csv","97ab0b459d89fa419f7d58f5428b5585db82c3dbae4dfbe54c852fc14c999d32"
"groovy","jenkins-pipeline-template","tea","tea/workflows/testarch/bmad-testarch-ci/jenkins-pipeline-template.groovy","ae865401625d2d20b9396d41e333f39bc167967e1949761301e551131c4c7958"
"md","adr-quality-readiness-checklist","tea","tea/agents/bmad-tea/resources/knowledge/adr-quality-readiness-checklist.md","34bf3460bd3218ce00efc148137f2dc67dfac2d69215c362978ca688e2fe4420"
"md","adr-quality-readiness-checklist","tea","tea/workflows/testarch/bmad-testarch-atdd/resources/knowledge/adr-quality-readiness-checklist.md","34bf3460bd3218ce00efc148137f2dc67dfac2d69215c362978ca688e2fe4420"
"md","adr-quality-readiness-checklist","tea","tea/workflows/testarch/bmad-testarch-automate/resources/knowledge/adr-quality-readiness-checklist.md","34bf3460bd3218ce00efc148137f2dc67dfac2d69215c362978ca688e2fe4420"
"md","adr-quality-readiness-checklist","tea","tea/workflows/testarch/bmad-testarch-ci/resources/knowledge/adr-quality-readiness-checklist.md","34bf3460bd3218ce00efc148137f2dc67dfac2d69215c362978ca688e2fe4420"
"md","adr-quality-readiness-checklist","tea","tea/workflows/testarch/bmad-testarch-framework/resources/knowledge/adr-quality-readiness-checklist.md","34bf3460bd3218ce00efc148137f2dc67dfac2d69215c362978ca688e2fe4420"
"md","adr-quality-readiness-checklist","tea","tea/workflows/testarch/bmad-testarch-nfr/resources/knowledge/adr-quality-readiness-checklist.md","34bf3460bd3218ce00efc148137f2dc67dfac2d69215c362978ca688e2fe4420"
"md","adr-quality-readiness-checklist","tea","tea/workflows/testarch/bmad-testarch-test-design/resources/knowledge/adr-quality-readiness-checklist.md","34bf3460bd3218ce00efc148137f2dc67dfac2d69215c362978ca688e2fe4420"
"md","adr-quality-readiness-checklist","tea","tea/workflows/testarch/bmad-testarch-test-review/resources/knowledge/adr-quality-readiness-checklist.md","34bf3460bd3218ce00efc148137f2dc67dfac2d69215c362978ca688e2fe4420"
"md","adr-quality-readiness-checklist","tea","tea/workflows/testarch/bmad-testarch-trace/resources/knowledge/adr-quality-readiness-checklist.md","34bf3460bd3218ce00efc148137f2dc67dfac2d69215c362978ca688e2fe4420"
"md","api-request","tea","tea/agents/bmad-tea/resources/knowledge/api-request.md","ec62463549c406685beec789c6e363a88bcf4b082eb1ea79a071d57d5bd32a9c"
"md","api-request","tea","tea/workflows/testarch/bmad-testarch-atdd/resources/knowledge/api-request.md","ec62463549c406685beec789c6e363a88bcf4b082eb1ea79a071d57d5bd32a9c"
"md","api-request","tea","tea/workflows/testarch/bmad-testarch-automate/resources/knowledge/api-request.md","ec62463549c406685beec789c6e363a88bcf4b082eb1ea79a071d57d5bd32a9c"
"md","api-request","tea","tea/workflows/testarch/bmad-testarch-ci/resources/knowledge/api-request.md","ec62463549c406685beec789c6e363a88bcf4b082eb1ea79a071d57d5bd32a9c"
"md","api-request","tea","tea/workflows/testarch/bmad-testarch-framework/resources/knowledge/api-request.md","ec62463549c406685beec789c6e363a88bcf4b082eb1ea79a071d57d5bd32a9c"
"md","api-request","tea","tea/workflows/testarch/bmad-testarch-nfr/resources/knowledge/api-request.md","ec62463549c406685beec789c6e363a88bcf4b082eb1ea79a071d57d5bd32a9c"
"md","api-request","tea","tea/workflows/testarch/bmad-testarch-test-design/resources/knowledge/api-request.md","ec62463549c406685beec789c6e363a88bcf4b082eb1ea79a071d57d5bd32a9c"
"md","api-request","tea","tea/workflows/testarch/bmad-testarch-test-review/resources/knowledge/api-request.md","ec62463549c406685beec789c6e363a88bcf4b082eb1ea79a071d57d5bd32a9c"
"md","api-request","tea","tea/workflows/testarch/bmad-testarch-trace/resources/knowledge/api-request.md","ec62463549c406685beec789c6e363a88bcf4b082eb1ea79a071d57d5bd32a9c"
"md","api-testing-patterns","tea","tea/agents/bmad-tea/resources/knowledge/api-testing-patterns.md","b9f90153a17cd5a1545a8693aff5088dd3c0261baf9a710f342cf3e62b60913c"
"md","api-testing-patterns","tea","tea/workflows/testarch/bmad-testarch-atdd/resources/knowledge/api-testing-patterns.md","b9f90153a17cd5a1545a8693aff5088dd3c0261baf9a710f342cf3e62b60913c"
"md","api-testing-patterns","tea","tea/workflows/testarch/bmad-testarch-automate/resources/knowledge/api-testing-patterns.md","b9f90153a17cd5a1545a8693aff5088dd3c0261baf9a710f342cf3e62b60913c"
"md","api-testing-patterns","tea","tea/workflows/testarch/bmad-testarch-ci/resources/knowledge/api-testing-patterns.md","b9f90153a17cd5a1545a8693aff5088dd3c0261baf9a710f342cf3e62b60913c"
"md","api-testing-patterns","tea","tea/workflows/testarch/bmad-testarch-framework/resources/knowledge/api-testing-patterns.md","b9f90153a17cd5a1545a8693aff5088dd3c0261baf9a710f342cf3e62b60913c"
"md","api-testing-patterns","tea","tea/workflows/testarch/bmad-testarch-nfr/resources/knowledge/api-testing-patterns.md","b9f90153a17cd5a1545a8693aff5088dd3c0261baf9a710f342cf3e62b60913c"
"md","api-testing-patterns","tea","tea/workflows/testarch/bmad-testarch-test-design/resources/knowledge/api-testing-patterns.md","b9f90153a17cd5a1545a8693aff5088dd3c0261baf9a710f342cf3e62b60913c"
"md","api-testing-patterns","tea","tea/workflows/testarch/bmad-testarch-test-review/resources/knowledge/api-testing-patterns.md","b9f90153a17cd5a1545a8693aff5088dd3c0261baf9a710f342cf3e62b60913c"
"md","api-testing-patterns","tea","tea/workflows/testarch/bmad-testarch-trace/resources/knowledge/api-testing-patterns.md","b9f90153a17cd5a1545a8693aff5088dd3c0261baf9a710f342cf3e62b60913c"
"md","atdd-checklist-template","tea","tea/workflows/testarch/bmad-testarch-atdd/atdd-checklist-template.md","6a9ba14f096a6e92135c9d3db164803c9571d9e4deeddc36708a025f5916a469"
"md","auth-session","tea","tea/agents/bmad-tea/resources/knowledge/auth-session.md","52c284351bff80dfd76823164065e11a8e64ebe9852d56aff9f5cc6c5daf91a8"
"md","auth-session","tea","tea/workflows/testarch/bmad-testarch-atdd/resources/knowledge/auth-session.md","52c284351bff80dfd76823164065e11a8e64ebe9852d56aff9f5cc6c5daf91a8"
"md","auth-session","tea","tea/workflows/testarch/bmad-testarch-automate/resources/knowledge/auth-session.md","52c284351bff80dfd76823164065e11a8e64ebe9852d56aff9f5cc6c5daf91a8"
"md","auth-session","tea","tea/workflows/testarch/bmad-testarch-ci/resources/knowledge/auth-session.md","52c284351bff80dfd76823164065e11a8e64ebe9852d56aff9f5cc6c5daf91a8"
"md","auth-session","tea","tea/workflows/testarch/bmad-testarch-framework/resources/knowledge/auth-session.md","52c284351bff80dfd76823164065e11a8e64ebe9852d56aff9f5cc6c5daf91a8"
"md","auth-session","tea","tea/workflows/testarch/bmad-testarch-nfr/resources/knowledge/auth-session.md","52c284351bff80dfd76823164065e11a8e64ebe9852d56aff9f5cc6c5daf91a8"
"md","auth-session","tea","tea/workflows/testarch/bmad-testarch-test-design/resources/knowledge/auth-session.md","52c284351bff80dfd76823164065e11a8e64ebe9852d56aff9f5cc6c5daf91a8"
"md","auth-session","tea","tea/workflows/testarch/bmad-testarch-test-review/resources/knowledge/auth-session.md","52c284351bff80dfd76823164065e11a8e64ebe9852d56aff9f5cc6c5daf91a8"
"md","auth-session","tea","tea/workflows/testarch/bmad-testarch-trace/resources/knowledge/auth-session.md","52c284351bff80dfd76823164065e11a8e64ebe9852d56aff9f5cc6c5daf91a8"
"md","burn-in","tea","tea/agents/bmad-tea/resources/knowledge/burn-in.md","e2d9e0f3a1072f24f07d0dc555af1e2e7c632257acf9bc9f957aba33e70483ec"
"md","burn-in","tea","tea/workflows/testarch/bmad-testarch-atdd/resources/knowledge/burn-in.md","e2d9e0f3a1072f24f07d0dc555af1e2e7c632257acf9bc9f957aba33e70483ec"
"md","burn-in","tea","tea/workflows/testarch/bmad-testarch-automate/resources/knowledge/burn-in.md","e2d9e0f3a1072f24f07d0dc555af1e2e7c632257acf9bc9f957aba33e70483ec"
"md","burn-in","tea","tea/workflows/testarch/bmad-testarch-ci/resources/knowledge/burn-in.md","e2d9e0f3a1072f24f07d0dc555af1e2e7c632257acf9bc9f957aba33e70483ec"
"md","burn-in","tea","tea/workflows/testarch/bmad-testarch-framework/resources/knowledge/burn-in.md","e2d9e0f3a1072f24f07d0dc555af1e2e7c632257acf9bc9f957aba33e70483ec"
"md","burn-in","tea","tea/workflows/testarch/bmad-testarch-nfr/resources/knowledge/burn-in.md","e2d9e0f3a1072f24f07d0dc555af1e2e7c632257acf9bc9f957aba33e70483ec"
"md","burn-in","tea","tea/workflows/testarch/bmad-testarch-test-design/resources/knowledge/burn-in.md","e2d9e0f3a1072f24f07d0dc555af1e2e7c632257acf9bc9f957aba33e70483ec"
"md","burn-in","tea","tea/workflows/testarch/bmad-testarch-test-review/resources/knowledge/burn-in.md","e2d9e0f3a1072f24f07d0dc555af1e2e7c632257acf9bc9f957aba33e70483ec"
"md","burn-in","tea","tea/workflows/testarch/bmad-testarch-trace/resources/knowledge/burn-in.md","e2d9e0f3a1072f24f07d0dc555af1e2e7c632257acf9bc9f957aba33e70483ec"
"md","certificate-template","tea","tea/workflows/testarch/bmad-teach-me-testing/templates/certificate-template.md","43131d02dbcdbc4e6ff241d72a8b6b30fa4168b375019f48dcbbcb0fd1ae0eb7"
"md","checklist","tea","tea/workflows/testarch/bmad-teach-me-testing/checklist.md","50eeb385a917f16606b0b60fbf90657b06fd57f50b217f632dd921f4ea42ae09"
"md","checklist","tea","tea/workflows/testarch/bmad-testarch-atdd/checklist.md","a33a144d331e642a1d514a9485bc820832b7e2e913ec0de8a72e5afa88bcde5b"
"md","checklist","tea","tea/workflows/testarch/bmad-testarch-automate/checklist.md","8fd2732067a62ab138d70f2c922c215199cf0db4e6c74c40acb1fa2b0880982a"
"md","checklist","tea","tea/workflows/testarch/bmad-testarch-ci/checklist.md","e0b04864e46012e7ffc5908cd95a929bbd1d4a3b63b6aef34b086af7a4bc7b1e"
"md","checklist","tea","tea/workflows/testarch/bmad-testarch-framework/checklist.md","75b8ec622b646c4647f176731713f1964ea6e08f42724f3a655408372d226aef"
"md","checklist","tea","tea/workflows/testarch/bmad-testarch-nfr/checklist.md","e37368b559bcafcac645d150f3202dd8ac2f067c8186ef6f51bc3a5716187642"
"md","checklist","tea","tea/workflows/testarch/bmad-testarch-test-design/checklist.md","634e48394ca367e2438d1fc72acf2bda941ce6a581335b6d02c270948e58f193"
"md","checklist","tea","tea/workflows/testarch/bmad-testarch-test-review/checklist.md","e12ca8ec7ef38b77196d5e5483988d99a21c11cdd15104f7558986a57115183c"
"md","checklist","tea","tea/workflows/testarch/bmad-testarch-trace/checklist.md","a47a41d251c1c69531389954c35586e95d128c152c4527abc1b0e7c4a46c2ffc"
"md","ci-burn-in","tea","tea/agents/bmad-tea/resources/knowledge/ci-burn-in.md","4b16166d59e74d29a6a9f5a17f84245505d7d9ce47b17138c7a44d885b7eaa5c"
"md","ci-burn-in","tea","tea/workflows/testarch/bmad-testarch-atdd/resources/knowledge/ci-burn-in.md","4b16166d59e74d29a6a9f5a17f84245505d7d9ce47b17138c7a44d885b7eaa5c"
"md","ci-burn-in","tea","tea/workflows/testarch/bmad-testarch-automate/resources/knowledge/ci-burn-in.md","4b16166d59e74d29a6a9f5a17f84245505d7d9ce47b17138c7a44d885b7eaa5c"
"md","ci-burn-in","tea","tea/workflows/testarch/bmad-testarch-ci/resources/knowledge/ci-burn-in.md","4b16166d59e74d29a6a9f5a17f84245505d7d9ce47b17138c7a44d885b7eaa5c"
"md","ci-burn-in","tea","tea/workflows/testarch/bmad-testarch-framework/resources/knowledge/ci-burn-in.md","4b16166d59e74d29a6a9f5a17f84245505d7d9ce47b17138c7a44d885b7eaa5c"
"md","ci-burn-in","tea","tea/workflows/testarch/bmad-testarch-nfr/resources/knowledge/ci-burn-in.md","4b16166d59e74d29a6a9f5a17f84245505d7d9ce47b17138c7a44d885b7eaa5c"
"md","ci-burn-in","tea","tea/workflows/testarch/bmad-testarch-test-design/resources/knowledge/ci-burn-in.md","4b16166d59e74d29a6a9f5a17f84245505d7d9ce47b17138c7a44d885b7eaa5c"
"md","ci-burn-in","tea","tea/workflows/testarch/bmad-testarch-test-review/resources/knowledge/ci-burn-in.md","4b16166d59e74d29a6a9f5a17f84245505d7d9ce47b17138c7a44d885b7eaa5c"
"md","ci-burn-in","tea","tea/workflows/testarch/bmad-testarch-trace/resources/knowledge/ci-burn-in.md","4b16166d59e74d29a6a9f5a17f84245505d7d9ce47b17138c7a44d885b7eaa5c"
"md","component-tdd","tea","tea/agents/bmad-tea/resources/knowledge/component-tdd.md","1acb4c48b2f924f60ed6784955597c17120466d5dc24d2e43e4b0a1bd0e61aae"
"md","component-tdd","tea","tea/workflows/testarch/bmad-testarch-atdd/resources/knowledge/component-tdd.md","1acb4c48b2f924f60ed6784955597c17120466d5dc24d2e43e4b0a1bd0e61aae"
"md","component-tdd","tea","tea/workflows/testarch/bmad-testarch-automate/resources/knowledge/component-tdd.md","1acb4c48b2f924f60ed6784955597c17120466d5dc24d2e43e4b0a1bd0e61aae"
"md","component-tdd","tea","tea/workflows/testarch/bmad-testarch-ci/resources/knowledge/component-tdd.md","1acb4c48b2f924f60ed6784955597c17120466d5dc24d2e43e4b0a1bd0e61aae"
"md","component-tdd","tea","tea/workflows/testarch/bmad-testarch-framework/resources/knowledge/component-tdd.md","1acb4c48b2f924f60ed6784955597c17120466d5dc24d2e43e4b0a1bd0e61aae"
"md","component-tdd","tea","tea/workflows/testarch/bmad-testarch-nfr/resources/knowledge/component-tdd.md","1acb4c48b2f924f60ed6784955597c17120466d5dc24d2e43e4b0a1bd0e61aae"
"md","component-tdd","tea","tea/workflows/testarch/bmad-testarch-test-design/resources/knowledge/component-tdd.md","1acb4c48b2f924f60ed6784955597c17120466d5dc24d2e43e4b0a1bd0e61aae"
"md","component-tdd","tea","tea/workflows/testarch/bmad-testarch-test-review/resources/knowledge/component-tdd.md","1acb4c48b2f924f60ed6784955597c17120466d5dc24d2e43e4b0a1bd0e61aae"
"md","component-tdd","tea","tea/workflows/testarch/bmad-testarch-trace/resources/knowledge/component-tdd.md","1acb4c48b2f924f60ed6784955597c17120466d5dc24d2e43e4b0a1bd0e61aae"
"md","contract-testing","tea","tea/agents/bmad-tea/resources/knowledge/contract-testing.md","55080c713b0ab57164d67538c216f92a833abc43925357030ea2d448d81ec2f1"
"md","contract-testing","tea","tea/workflows/testarch/bmad-testarch-atdd/resources/knowledge/contract-testing.md","55080c713b0ab57164d67538c216f92a833abc43925357030ea2d448d81ec2f1"
"md","contract-testing","tea","tea/workflows/testarch/bmad-testarch-automate/resources/knowledge/contract-testing.md","55080c713b0ab57164d67538c216f92a833abc43925357030ea2d448d81ec2f1"
"md","contract-testing","tea","tea/workflows/testarch/bmad-testarch-ci/resources/knowledge/contract-testing.md","55080c713b0ab57164d67538c216f92a833abc43925357030ea2d448d81ec2f1"
"md","contract-testing","tea","tea/workflows/testarch/bmad-testarch-framework/resources/knowledge/contract-testing.md","55080c713b0ab57164d67538c216f92a833abc43925357030ea2d448d81ec2f1"
"md","contract-testing","tea","tea/workflows/testarch/bmad-testarch-nfr/resources/knowledge/contract-testing.md","55080c713b0ab57164d67538c216f92a833abc43925357030ea2d448d81ec2f1"
"md","contract-testing","tea","tea/workflows/testarch/bmad-testarch-test-design/resources/knowledge/contract-testing.md","55080c713b0ab57164d67538c216f92a833abc43925357030ea2d448d81ec2f1"
"md","contract-testing","tea","tea/workflows/testarch/bmad-testarch-test-review/resources/knowledge/contract-testing.md","55080c713b0ab57164d67538c216f92a833abc43925357030ea2d448d81ec2f1"
"md","contract-testing","tea","tea/workflows/testarch/bmad-testarch-trace/resources/knowledge/contract-testing.md","55080c713b0ab57164d67538c216f92a833abc43925357030ea2d448d81ec2f1"
"md","data-factories","tea","tea/agents/bmad-tea/resources/knowledge/data-factories.md","c98dab79a9064d45402dbe0a5c25a1d82b53557c56e3f142023bf907e2b98d53"
"md","data-factories","tea","tea/workflows/testarch/bmad-testarch-atdd/resources/knowledge/data-factories.md","c98dab79a9064d45402dbe0a5c25a1d82b53557c56e3f142023bf907e2b98d53"
"md","data-factories","tea","tea/workflows/testarch/bmad-testarch-automate/resources/knowledge/data-factories.md","c98dab79a9064d45402dbe0a5c25a1d82b53557c56e3f142023bf907e2b98d53"
"md","data-factories","tea","tea/workflows/testarch/bmad-testarch-ci/resources/knowledge/data-factories.md","c98dab79a9064d45402dbe0a5c25a1d82b53557c56e3f142023bf907e2b98d53"
"md","data-factories","tea","tea/workflows/testarch/bmad-testarch-framework/resources/knowledge/data-factories.md","c98dab79a9064d45402dbe0a5c25a1d82b53557c56e3f142023bf907e2b98d53"
"md","data-factories","tea","tea/workflows/testarch/bmad-testarch-nfr/resources/knowledge/data-factories.md","c98dab79a9064d45402dbe0a5c25a1d82b53557c56e3f142023bf907e2b98d53"
"md","data-factories","tea","tea/workflows/testarch/bmad-testarch-test-design/resources/knowledge/data-factories.md","c98dab79a9064d45402dbe0a5c25a1d82b53557c56e3f142023bf907e2b98d53"
"md","data-factories","tea","tea/workflows/testarch/bmad-testarch-test-review/resources/knowledge/data-factories.md","c98dab79a9064d45402dbe0a5c25a1d82b53557c56e3f142023bf907e2b98d53"
"md","data-factories","tea","tea/workflows/testarch/bmad-testarch-trace/resources/knowledge/data-factories.md","c98dab79a9064d45402dbe0a5c25a1d82b53557c56e3f142023bf907e2b98d53"
"md","email-auth","tea","tea/agents/bmad-tea/resources/knowledge/email-auth.md","1265f30cdd7b85f164769abf4f6ea86b6abec3acd90653e646a9c9ee17176963"
"md","email-auth","tea","tea/workflows/testarch/bmad-testarch-atdd/resources/knowledge/email-auth.md","1265f30cdd7b85f164769abf4f6ea86b6abec3acd90653e646a9c9ee17176963"
"md","email-auth","tea","tea/workflows/testarch/bmad-testarch-automate/resources/knowledge/email-auth.md","1265f30cdd7b85f164769abf4f6ea86b6abec3acd90653e646a9c9ee17176963"
"md","email-auth","tea","tea/workflows/testarch/bmad-testarch-ci/resources/knowledge/email-auth.md","1265f30cdd7b85f164769abf4f6ea86b6abec3acd90653e646a9c9ee17176963"
"md","email-auth","tea","tea/workflows/testarch/bmad-testarch-framework/resources/knowledge/email-auth.md","1265f30cdd7b85f164769abf4f6ea86b6abec3acd90653e646a9c9ee17176963"
"md","email-auth","tea","tea/workflows/testarch/bmad-testarch-nfr/resources/knowledge/email-auth.md","1265f30cdd7b85f164769abf4f6ea86b6abec3acd90653e646a9c9ee17176963"
"md","email-auth","tea","tea/workflows/testarch/bmad-testarch-test-design/resources/knowledge/email-auth.md","1265f30cdd7b85f164769abf4f6ea86b6abec3acd90653e646a9c9ee17176963"
"md","email-auth","tea","tea/workflows/testarch/bmad-testarch-test-review/resources/knowledge/email-auth.md","1265f30cdd7b85f164769abf4f6ea86b6abec3acd90653e646a9c9ee17176963"
"md","email-auth","tea","tea/workflows/testarch/bmad-testarch-trace/resources/knowledge/email-auth.md","1265f30cdd7b85f164769abf4f6ea86b6abec3acd90653e646a9c9ee17176963"
"md","error-handling","tea","tea/agents/bmad-tea/resources/knowledge/error-handling.md","9122f09fed1f52a679cb513d5d3c7c93c66e9021ee58e99fd66692e50db28be4"
"md","error-handling","tea","tea/workflows/testarch/bmad-testarch-atdd/resources/knowledge/error-handling.md","9122f09fed1f52a679cb513d5d3c7c93c66e9021ee58e99fd66692e50db28be4"
"md","error-handling","tea","tea/workflows/testarch/bmad-testarch-automate/resources/knowledge/error-handling.md","9122f09fed1f52a679cb513d5d3c7c93c66e9021ee58e99fd66692e50db28be4"
"md","error-handling","tea","tea/workflows/testarch/bmad-testarch-ci/resources/knowledge/error-handling.md","9122f09fed1f52a679cb513d5d3c7c93c66e9021ee58e99fd66692e50db28be4"
"md","error-handling","tea","tea/workflows/testarch/bmad-testarch-framework/resources/knowledge/error-handling.md","9122f09fed1f52a679cb513d5d3c7c93c66e9021ee58e99fd66692e50db28be4"
"md","error-handling","tea","tea/workflows/testarch/bmad-testarch-nfr/resources/knowledge/error-handling.md","9122f09fed1f52a679cb513d5d3c7c93c66e9021ee58e99fd66692e50db28be4"
"md","error-handling","tea","tea/workflows/testarch/bmad-testarch-test-design/resources/knowledge/error-handling.md","9122f09fed1f52a679cb513d5d3c7c93c66e9021ee58e99fd66692e50db28be4"
"md","error-handling","tea","tea/workflows/testarch/bmad-testarch-test-review/resources/knowledge/error-handling.md","9122f09fed1f52a679cb513d5d3c7c93c66e9021ee58e99fd66692e50db28be4"
"md","error-handling","tea","tea/workflows/testarch/bmad-testarch-trace/resources/knowledge/error-handling.md","9122f09fed1f52a679cb513d5d3c7c93c66e9021ee58e99fd66692e50db28be4"
"md","feature-flags","tea","tea/agents/bmad-tea/resources/knowledge/feature-flags.md","37286f0ab1ce44e6d6708cea3118be628e79ca7afdda9cb3084c3d86e07f2f6d"
"md","feature-flags","tea","tea/workflows/testarch/bmad-testarch-atdd/resources/knowledge/feature-flags.md","37286f0ab1ce44e6d6708cea3118be628e79ca7afdda9cb3084c3d86e07f2f6d"
"md","feature-flags","tea","tea/workflows/testarch/bmad-testarch-automate/resources/knowledge/feature-flags.md","37286f0ab1ce44e6d6708cea3118be628e79ca7afdda9cb3084c3d86e07f2f6d"
"md","feature-flags","tea","tea/workflows/testarch/bmad-testarch-ci/resources/knowledge/feature-flags.md","37286f0ab1ce44e6d6708cea3118be628e79ca7afdda9cb3084c3d86e07f2f6d"
"md","feature-flags","tea","tea/workflows/testarch/bmad-testarch-framework/resources/knowledge/feature-flags.md","37286f0ab1ce44e6d6708cea3118be628e79ca7afdda9cb3084c3d86e07f2f6d"
"md","feature-flags","tea","tea/workflows/testarch/bmad-testarch-nfr/resources/knowledge/feature-flags.md","37286f0ab1ce44e6d6708cea3118be628e79ca7afdda9cb3084c3d86e07f2f6d"
"md","feature-flags","tea","tea/workflows/testarch/bmad-testarch-test-design/resources/knowledge/feature-flags.md","37286f0ab1ce44e6d6708cea3118be628e79ca7afdda9cb3084c3d86e07f2f6d"
"md","feature-flags","tea","tea/workflows/testarch/bmad-testarch-test-review/resources/knowledge/feature-flags.md","37286f0ab1ce44e6d6708cea3118be628e79ca7afdda9cb3084c3d86e07f2f6d"
"md","feature-flags","tea","tea/workflows/testarch/bmad-testarch-trace/resources/knowledge/feature-flags.md","37286f0ab1ce44e6d6708cea3118be628e79ca7afdda9cb3084c3d86e07f2f6d"
"md","file-utils","tea","tea/agents/bmad-tea/resources/knowledge/file-utils.md","f348141dc7c2fd75712bdf0074ba292469dd54be20b786a893d21cd85a0f6f0e"
"md","file-utils","tea","tea/workflows/testarch/bmad-testarch-atdd/resources/knowledge/file-utils.md","f348141dc7c2fd75712bdf0074ba292469dd54be20b786a893d21cd85a0f6f0e"
"md","file-utils","tea","tea/workflows/testarch/bmad-testarch-automate/resources/knowledge/file-utils.md","f348141dc7c2fd75712bdf0074ba292469dd54be20b786a893d21cd85a0f6f0e"
"md","file-utils","tea","tea/workflows/testarch/bmad-testarch-ci/resources/knowledge/file-utils.md","f348141dc7c2fd75712bdf0074ba292469dd54be20b786a893d21cd85a0f6f0e"
"md","file-utils","tea","tea/workflows/testarch/bmad-testarch-framework/resources/knowledge/file-utils.md","f348141dc7c2fd75712bdf0074ba292469dd54be20b786a893d21cd85a0f6f0e"
"md","file-utils","tea","tea/workflows/testarch/bmad-testarch-nfr/resources/knowledge/file-utils.md","f348141dc7c2fd75712bdf0074ba292469dd54be20b786a893d21cd85a0f6f0e"
"md","file-utils","tea","tea/workflows/testarch/bmad-testarch-test-design/resources/knowledge/file-utils.md","f348141dc7c2fd75712bdf0074ba292469dd54be20b786a893d21cd85a0f6f0e"
"md","file-utils","tea","tea/workflows/testarch/bmad-testarch-test-review/resources/knowledge/file-utils.md","f348141dc7c2fd75712bdf0074ba292469dd54be20b786a893d21cd85a0f6f0e"
"md","file-utils","tea","tea/workflows/testarch/bmad-testarch-trace/resources/knowledge/file-utils.md","f348141dc7c2fd75712bdf0074ba292469dd54be20b786a893d21cd85a0f6f0e"
"md","fixture-architecture","tea","tea/agents/bmad-tea/resources/knowledge/fixture-architecture.md","636a022ba08faad496c24fdbef2ddff9081a03b608fa6eadd4301e5ebbb1cd0c"
"md","fixture-architecture","tea","tea/workflows/testarch/bmad-testarch-atdd/resources/knowledge/fixture-architecture.md","636a022ba08faad496c24fdbef2ddff9081a03b608fa6eadd4301e5ebbb1cd0c"
"md","fixture-architecture","tea","tea/workflows/testarch/bmad-testarch-automate/resources/knowledge/fixture-architecture.md","636a022ba08faad496c24fdbef2ddff9081a03b608fa6eadd4301e5ebbb1cd0c"
"md","fixture-architecture","tea","tea/workflows/testarch/bmad-testarch-ci/resources/knowledge/fixture-architecture.md","636a022ba08faad496c24fdbef2ddff9081a03b608fa6eadd4301e5ebbb1cd0c"
"md","fixture-architecture","tea","tea/workflows/testarch/bmad-testarch-framework/resources/knowledge/fixture-architecture.md","636a022ba08faad496c24fdbef2ddff9081a03b608fa6eadd4301e5ebbb1cd0c"
"md","fixture-architecture","tea","tea/workflows/testarch/bmad-testarch-nfr/resources/knowledge/fixture-architecture.md","636a022ba08faad496c24fdbef2ddff9081a03b608fa6eadd4301e5ebbb1cd0c"
"md","fixture-architecture","tea","tea/workflows/testarch/bmad-testarch-test-design/resources/knowledge/fixture-architecture.md","636a022ba08faad496c24fdbef2ddff9081a03b608fa6eadd4301e5ebbb1cd0c"
"md","fixture-architecture","tea","tea/workflows/testarch/bmad-testarch-test-review/resources/knowledge/fixture-architecture.md","636a022ba08faad496c24fdbef2ddff9081a03b608fa6eadd4301e5ebbb1cd0c"
"md","fixture-architecture","tea","tea/workflows/testarch/bmad-testarch-trace/resources/knowledge/fixture-architecture.md","636a022ba08faad496c24fdbef2ddff9081a03b608fa6eadd4301e5ebbb1cd0c"
"md","fixtures-composition","tea","tea/agents/bmad-tea/resources/knowledge/fixtures-composition.md","5031a64c2b00784b9a0dcb18eaf2beb7f9a8a0d7727acfd0e27430b316e696f1"
"md","fixtures-composition","tea","tea/workflows/testarch/bmad-testarch-atdd/resources/knowledge/fixtures-composition.md","5031a64c2b00784b9a0dcb18eaf2beb7f9a8a0d7727acfd0e27430b316e696f1"
"md","fixtures-composition","tea","tea/workflows/testarch/bmad-testarch-automate/resources/knowledge/fixtures-composition.md","5031a64c2b00784b9a0dcb18eaf2beb7f9a8a0d7727acfd0e27430b316e696f1"
"md","fixtures-composition","tea","tea/workflows/testarch/bmad-testarch-ci/resources/knowledge/fixtures-composition.md","5031a64c2b00784b9a0dcb18eaf2beb7f9a8a0d7727acfd0e27430b316e696f1"
"md","fixtures-composition","tea","tea/workflows/testarch/bmad-testarch-framework/resources/knowledge/fixtures-composition.md","5031a64c2b00784b9a0dcb18eaf2beb7f9a8a0d7727acfd0e27430b316e696f1"
"md","fixtures-composition","tea","tea/workflows/testarch/bmad-testarch-nfr/resources/knowledge/fixtures-composition.md","5031a64c2b00784b9a0dcb18eaf2beb7f9a8a0d7727acfd0e27430b316e696f1"
"md","fixtures-composition","tea","tea/workflows/testarch/bmad-testarch-test-design/resources/knowledge/fixtures-composition.md","5031a64c2b00784b9a0dcb18eaf2beb7f9a8a0d7727acfd0e27430b316e696f1"
"md","fixtures-composition","tea","tea/workflows/testarch/bmad-testarch-test-review/resources/knowledge/fixtures-composition.md","5031a64c2b00784b9a0dcb18eaf2beb7f9a8a0d7727acfd0e27430b316e696f1"
"md","fixtures-composition","tea","tea/workflows/testarch/bmad-testarch-trace/resources/knowledge/fixtures-composition.md","5031a64c2b00784b9a0dcb18eaf2beb7f9a8a0d7727acfd0e27430b316e696f1"
"md","instructions","tea","tea/workflows/testarch/bmad-teach-me-testing/instructions.md","c3822bc5c89b8da5d048ce523f11e2f1423f31c11016226c2773af42ef96df9e"
"md","instructions","tea","tea/workflows/testarch/bmad-testarch-atdd/instructions.md","6e55a0914ff2242f910275a2a76877b381728262d7acc1e17e83680268b594c6"
"md","instructions","tea","tea/workflows/testarch/bmad-testarch-automate/instructions.md","728d9d25db4322c4a2e5b332654ab7a20b764a390ae658b87968b76ab6d61088"
"md","instructions","tea","tea/workflows/testarch/bmad-testarch-ci/instructions.md","4df75b858fd4be68afe4281e9ebab4a5667b7e2e41f15ad16d9b92386fc0a274"
"md","instructions","tea","tea/workflows/testarch/bmad-testarch-framework/instructions.md","ecd990e4e3c0edb00c6d87d6dab7bce91ffcf0b026dbf56567aad44d5205488b"
"md","instructions","tea","tea/workflows/testarch/bmad-testarch-nfr/instructions.md","3f04f3a22a9c11a5dad9d39548ea37a8019945458e800e5c7a2fd8ac85f619f3"
"md","instructions","tea","tea/workflows/testarch/bmad-testarch-test-design/instructions.md","97402ecc4d5aafb70e3ff9b13f782611a4172585a89d7625c0210cb5ca3d04f7"
"md","instructions","tea","tea/workflows/testarch/bmad-testarch-test-review/instructions.md","6cbe1eda5ded309e0a4d571abc8bdec8b93d59f6d7f4b721ed722cf90e6654a8"
"md","instructions","tea","tea/workflows/testarch/bmad-testarch-trace/instructions.md","c69373a4c3b498b9cc6c1cdb7fa824c72fe52768a3cfc4c7e507215071e336e9"
"md","intercept-network-call","tea","tea/agents/bmad-tea/resources/knowledge/intercept-network-call.md","47c84d6091054f576a190b01b985ed5914880cd6a9c728458a3812c67185f268"
"md","intercept-network-call","tea","tea/workflows/testarch/bmad-testarch-atdd/resources/knowledge/intercept-network-call.md","47c84d6091054f576a190b01b985ed5914880cd6a9c728458a3812c67185f268"
"md","intercept-network-call","tea","tea/workflows/testarch/bmad-testarch-automate/resources/knowledge/intercept-network-call.md","47c84d6091054f576a190b01b985ed5914880cd6a9c728458a3812c67185f268"
"md","intercept-network-call","tea","tea/workflows/testarch/bmad-testarch-ci/resources/knowledge/intercept-network-call.md","47c84d6091054f576a190b01b985ed5914880cd6a9c728458a3812c67185f268"
"md","intercept-network-call","tea","tea/workflows/testarch/bmad-testarch-framework/resources/knowledge/intercept-network-call.md","47c84d6091054f576a190b01b985ed5914880cd6a9c728458a3812c67185f268"
"md","intercept-network-call","tea","tea/workflows/testarch/bmad-testarch-nfr/resources/knowledge/intercept-network-call.md","47c84d6091054f576a190b01b985ed5914880cd6a9c728458a3812c67185f268"
"md","intercept-network-call","tea","tea/workflows/testarch/bmad-testarch-test-design/resources/knowledge/intercept-network-call.md","47c84d6091054f576a190b01b985ed5914880cd6a9c728458a3812c67185f268"
"md","intercept-network-call","tea","tea/workflows/testarch/bmad-testarch-test-review/resources/knowledge/intercept-network-call.md","47c84d6091054f576a190b01b985ed5914880cd6a9c728458a3812c67185f268"
"md","intercept-network-call","tea","tea/workflows/testarch/bmad-testarch-trace/resources/knowledge/intercept-network-call.md","47c84d6091054f576a190b01b985ed5914880cd6a9c728458a3812c67185f268"
"md","log","tea","tea/agents/bmad-tea/resources/knowledge/log.md","76966ff3bd15e5afa47ab71decc1b7c0a65f7ea7751ac5a9196ba3c0e9e0e6cb"
"md","log","tea","tea/workflows/testarch/bmad-testarch-atdd/resources/knowledge/log.md","76966ff3bd15e5afa47ab71decc1b7c0a65f7ea7751ac5a9196ba3c0e9e0e6cb"
"md","log","tea","tea/workflows/testarch/bmad-testarch-automate/resources/knowledge/log.md","76966ff3bd15e5afa47ab71decc1b7c0a65f7ea7751ac5a9196ba3c0e9e0e6cb"
"md","log","tea","tea/workflows/testarch/bmad-testarch-ci/resources/knowledge/log.md","76966ff3bd15e5afa47ab71decc1b7c0a65f7ea7751ac5a9196ba3c0e9e0e6cb"
"md","log","tea","tea/workflows/testarch/bmad-testarch-framework/resources/knowledge/log.md","76966ff3bd15e5afa47ab71decc1b7c0a65f7ea7751ac5a9196ba3c0e9e0e6cb"
"md","log","tea","tea/workflows/testarch/bmad-testarch-nfr/resources/knowledge/log.md","76966ff3bd15e5afa47ab71decc1b7c0a65f7ea7751ac5a9196ba3c0e9e0e6cb"
"md","log","tea","tea/workflows/testarch/bmad-testarch-test-design/resources/knowledge/log.md","76966ff3bd15e5afa47ab71decc1b7c0a65f7ea7751ac5a9196ba3c0e9e0e6cb"
"md","log","tea","tea/workflows/testarch/bmad-testarch-test-review/resources/knowledge/log.md","76966ff3bd15e5afa47ab71decc1b7c0a65f7ea7751ac5a9196ba3c0e9e0e6cb"
"md","log","tea","tea/workflows/testarch/bmad-testarch-trace/resources/knowledge/log.md","76966ff3bd15e5afa47ab71decc1b7c0a65f7ea7751ac5a9196ba3c0e9e0e6cb"
"md","network-error-monitor","tea","tea/agents/bmad-tea/resources/knowledge/network-error-monitor.md","4c517d05583bac0fb4b92413b4daee814c87de37ca41f39149864f688c25f67c"
"md","network-error-monitor","tea","tea/workflows/testarch/bmad-testarch-atdd/resources/knowledge/network-error-monitor.md","4c517d05583bac0fb4b92413b4daee814c87de37ca41f39149864f688c25f67c"
"md","network-error-monitor","tea","tea/workflows/testarch/bmad-testarch-automate/resources/knowledge/network-error-monitor.md","4c517d05583bac0fb4b92413b4daee814c87de37ca41f39149864f688c25f67c"
"md","network-error-monitor","tea","tea/workflows/testarch/bmad-testarch-ci/resources/knowledge/network-error-monitor.md","4c517d05583bac0fb4b92413b4daee814c87de37ca41f39149864f688c25f67c"
"md","network-error-monitor","tea","tea/workflows/testarch/bmad-testarch-framework/resources/knowledge/network-error-monitor.md","4c517d05583bac0fb4b92413b4daee814c87de37ca41f39149864f688c25f67c"
"md","network-error-monitor","tea","tea/workflows/testarch/bmad-testarch-nfr/resources/knowledge/network-error-monitor.md","4c517d05583bac0fb4b92413b4daee814c87de37ca41f39149864f688c25f67c"
"md","network-error-monitor","tea","tea/workflows/testarch/bmad-testarch-test-design/resources/knowledge/network-error-monitor.md","4c517d05583bac0fb4b92413b4daee814c87de37ca41f39149864f688c25f67c"
"md","network-error-monitor","tea","tea/workflows/testarch/bmad-testarch-test-review/resources/knowledge/network-error-monitor.md","4c517d05583bac0fb4b92413b4daee814c87de37ca41f39149864f688c25f67c"
"md","network-error-monitor","tea","tea/workflows/testarch/bmad-testarch-trace/resources/knowledge/network-error-monitor.md","4c517d05583bac0fb4b92413b4daee814c87de37ca41f39149864f688c25f67c"
"md","network-first","tea","tea/agents/bmad-tea/resources/knowledge/network-first.md","257fe61ec77020d024f7ddf4f6c5c965f6c4632a469d942278c7337abc8621b7"
"md","network-first","tea","tea/workflows/testarch/bmad-testarch-atdd/resources/knowledge/network-first.md","257fe61ec77020d024f7ddf4f6c5c965f6c4632a469d942278c7337abc8621b7"
"md","network-first","tea","tea/workflows/testarch/bmad-testarch-automate/resources/knowledge/network-first.md","257fe61ec77020d024f7ddf4f6c5c965f6c4632a469d942278c7337abc8621b7"
"md","network-first","tea","tea/workflows/testarch/bmad-testarch-ci/resources/knowledge/network-first.md","257fe61ec77020d024f7ddf4f6c5c965f6c4632a469d942278c7337abc8621b7"
"md","network-first","tea","tea/workflows/testarch/bmad-testarch-framework/resources/knowledge/network-first.md","257fe61ec77020d024f7ddf4f6c5c965f6c4632a469d942278c7337abc8621b7"
"md","network-first","tea","tea/workflows/testarch/bmad-testarch-nfr/resources/knowledge/network-first.md","257fe61ec77020d024f7ddf4f6c5c965f6c4632a469d942278c7337abc8621b7"
"md","network-first","tea","tea/workflows/testarch/bmad-testarch-test-design/resources/knowledge/network-first.md","257fe61ec77020d024f7ddf4f6c5c965f6c4632a469d942278c7337abc8621b7"
"md","network-first","tea","tea/workflows/testarch/bmad-testarch-test-review/resources/knowledge/network-first.md","257fe61ec77020d024f7ddf4f6c5c965f6c4632a469d942278c7337abc8621b7"
"md","network-first","tea","tea/workflows/testarch/bmad-testarch-trace/resources/knowledge/network-first.md","257fe61ec77020d024f7ddf4f6c5c965f6c4632a469d942278c7337abc8621b7"
"md","network-recorder","tea","tea/agents/bmad-tea/resources/knowledge/network-recorder.md","d0ae003638655c8f26a36bbccc06bf362302116979ea88c1c15e89753714c059"
"md","network-recorder","tea","tea/workflows/testarch/bmad-testarch-atdd/resources/knowledge/network-recorder.md","d0ae003638655c8f26a36bbccc06bf362302116979ea88c1c15e89753714c059"
"md","network-recorder","tea","tea/workflows/testarch/bmad-testarch-automate/resources/knowledge/network-recorder.md","d0ae003638655c8f26a36bbccc06bf362302116979ea88c1c15e89753714c059"
"md","network-recorder","tea","tea/workflows/testarch/bmad-testarch-ci/resources/knowledge/network-recorder.md","d0ae003638655c8f26a36bbccc06bf362302116979ea88c1c15e89753714c059"
"md","network-recorder","tea","tea/workflows/testarch/bmad-testarch-framework/resources/knowledge/network-recorder.md","d0ae003638655c8f26a36bbccc06bf362302116979ea88c1c15e89753714c059"
"md","network-recorder","tea","tea/workflows/testarch/bmad-testarch-nfr/resources/knowledge/network-recorder.md","d0ae003638655c8f26a36bbccc06bf362302116979ea88c1c15e89753714c059"
"md","network-recorder","tea","tea/workflows/testarch/bmad-testarch-test-design/resources/knowledge/network-recorder.md","d0ae003638655c8f26a36bbccc06bf362302116979ea88c1c15e89753714c059"
"md","network-recorder","tea","tea/workflows/testarch/bmad-testarch-test-review/resources/knowledge/network-recorder.md","d0ae003638655c8f26a36bbccc06bf362302116979ea88c1c15e89753714c059"
"md","network-recorder","tea","tea/workflows/testarch/bmad-testarch-trace/resources/knowledge/network-recorder.md","d0ae003638655c8f26a36bbccc06bf362302116979ea88c1c15e89753714c059"
"md","nfr-criteria","tea","tea/agents/bmad-tea/resources/knowledge/nfr-criteria.md","5d5f9acfeb6a98f2ef7ee8707bbac3ab37d9c191c443c1e944dee70cf3f9963a"
"md","nfr-criteria","tea","tea/workflows/testarch/bmad-testarch-atdd/resources/knowledge/nfr-criteria.md","5d5f9acfeb6a98f2ef7ee8707bbac3ab37d9c191c443c1e944dee70cf3f9963a"
"md","nfr-criteria","tea","tea/workflows/testarch/bmad-testarch-automate/resources/knowledge/nfr-criteria.md","5d5f9acfeb6a98f2ef7ee8707bbac3ab37d9c191c443c1e944dee70cf3f9963a"
"md","nfr-criteria","tea","tea/workflows/testarch/bmad-testarch-ci/resources/knowledge/nfr-criteria.md","5d5f9acfeb6a98f2ef7ee8707bbac3ab37d9c191c443c1e944dee70cf3f9963a"
"md","nfr-criteria","tea","tea/workflows/testarch/bmad-testarch-framework/resources/knowledge/nfr-criteria.md","5d5f9acfeb6a98f2ef7ee8707bbac3ab37d9c191c443c1e944dee70cf3f9963a"
"md","nfr-criteria","tea","tea/workflows/testarch/bmad-testarch-nfr/resources/knowledge/nfr-criteria.md","5d5f9acfeb6a98f2ef7ee8707bbac3ab37d9c191c443c1e944dee70cf3f9963a"
"md","nfr-criteria","tea","tea/workflows/testarch/bmad-testarch-test-design/resources/knowledge/nfr-criteria.md","5d5f9acfeb6a98f2ef7ee8707bbac3ab37d9c191c443c1e944dee70cf3f9963a"
"md","nfr-criteria","tea","tea/workflows/testarch/bmad-testarch-test-review/resources/knowledge/nfr-criteria.md","5d5f9acfeb6a98f2ef7ee8707bbac3ab37d9c191c443c1e944dee70cf3f9963a"
"md","nfr-criteria","tea","tea/workflows/testarch/bmad-testarch-trace/resources/knowledge/nfr-criteria.md","5d5f9acfeb6a98f2ef7ee8707bbac3ab37d9c191c443c1e944dee70cf3f9963a"
"md","nfr-report-template","tea","tea/workflows/testarch/bmad-testarch-nfr/nfr-report-template.md","2ea61f39299a1c8a52e053721f57deb0bd054bd6e75c6e21fe9d2b5c5f4d21ec"
"md","overview","tea","tea/agents/bmad-tea/resources/knowledge/overview.md","dfd5bd12b7dd4a347d01fc659745aafd192c0b2e5fd9ec6424f0035355a82aae"
"md","overview","tea","tea/workflows/testarch/bmad-testarch-atdd/resources/knowledge/overview.md","dfd5bd12b7dd4a347d01fc659745aafd192c0b2e5fd9ec6424f0035355a82aae"
"md","overview","tea","tea/workflows/testarch/bmad-testarch-automate/resources/knowledge/overview.md","dfd5bd12b7dd4a347d01fc659745aafd192c0b2e5fd9ec6424f0035355a82aae"
"md","overview","tea","tea/workflows/testarch/bmad-testarch-ci/resources/knowledge/overview.md","dfd5bd12b7dd4a347d01fc659745aafd192c0b2e5fd9ec6424f0035355a82aae"
"md","overview","tea","tea/workflows/testarch/bmad-testarch-framework/resources/knowledge/overview.md","dfd5bd12b7dd4a347d01fc659745aafd192c0b2e5fd9ec6424f0035355a82aae"
"md","overview","tea","tea/workflows/testarch/bmad-testarch-nfr/resources/knowledge/overview.md","dfd5bd12b7dd4a347d01fc659745aafd192c0b2e5fd9ec6424f0035355a82aae"
"md","overview","tea","tea/workflows/testarch/bmad-testarch-test-design/resources/knowledge/overview.md","dfd5bd12b7dd4a347d01fc659745aafd192c0b2e5fd9ec6424f0035355a82aae"
"md","overview","tea","tea/workflows/testarch/bmad-testarch-test-review/resources/knowledge/overview.md","dfd5bd12b7dd4a347d01fc659745aafd192c0b2e5fd9ec6424f0035355a82aae"
"md","overview","tea","tea/workflows/testarch/bmad-testarch-trace/resources/knowledge/overview.md","dfd5bd12b7dd4a347d01fc659745aafd192c0b2e5fd9ec6424f0035355a82aae"
"md","pact-consumer-di","tea","tea/agents/bmad-tea/resources/knowledge/pact-consumer-di.md","0ee1edcedb2c145885dbc0bc7504187bfc1679ceedee84e0d650e7dbd32cf06d"
"md","pact-consumer-di","tea","tea/workflows/testarch/bmad-testarch-atdd/resources/knowledge/pact-consumer-di.md","0ee1edcedb2c145885dbc0bc7504187bfc1679ceedee84e0d650e7dbd32cf06d"
"md","pact-consumer-di","tea","tea/workflows/testarch/bmad-testarch-automate/resources/knowledge/pact-consumer-di.md","0ee1edcedb2c145885dbc0bc7504187bfc1679ceedee84e0d650e7dbd32cf06d"
"md","pact-consumer-di","tea","tea/workflows/testarch/bmad-testarch-ci/resources/knowledge/pact-consumer-di.md","0ee1edcedb2c145885dbc0bc7504187bfc1679ceedee84e0d650e7dbd32cf06d"
"md","pact-consumer-di","tea","tea/workflows/testarch/bmad-testarch-framework/resources/knowledge/pact-consumer-di.md","0ee1edcedb2c145885dbc0bc7504187bfc1679ceedee84e0d650e7dbd32cf06d"
"md","pact-consumer-di","tea","tea/workflows/testarch/bmad-testarch-nfr/resources/knowledge/pact-consumer-di.md","0ee1edcedb2c145885dbc0bc7504187bfc1679ceedee84e0d650e7dbd32cf06d"
"md","pact-consumer-di","tea","tea/workflows/testarch/bmad-testarch-test-design/resources/knowledge/pact-consumer-di.md","0ee1edcedb2c145885dbc0bc7504187bfc1679ceedee84e0d650e7dbd32cf06d"
"md","pact-consumer-di","tea","tea/workflows/testarch/bmad-testarch-test-review/resources/knowledge/pact-consumer-di.md","0ee1edcedb2c145885dbc0bc7504187bfc1679ceedee84e0d650e7dbd32cf06d"
"md","pact-consumer-di","tea","tea/workflows/testarch/bmad-testarch-trace/resources/knowledge/pact-consumer-di.md","0ee1edcedb2c145885dbc0bc7504187bfc1679ceedee84e0d650e7dbd32cf06d"
"md","pact-consumer-framework-setup","tea","tea/agents/bmad-tea/resources/knowledge/pact-consumer-framework-setup.md","e3e5f12d21456e57c60c3ace467aea7fb3099cb02beacafd0548555ee9bca813"
"md","pact-consumer-framework-setup","tea","tea/workflows/testarch/bmad-testarch-atdd/resources/knowledge/pact-consumer-framework-setup.md","e3e5f12d21456e57c60c3ace467aea7fb3099cb02beacafd0548555ee9bca813"
"md","pact-consumer-framework-setup","tea","tea/workflows/testarch/bmad-testarch-automate/resources/knowledge/pact-consumer-framework-setup.md","e3e5f12d21456e57c60c3ace467aea7fb3099cb02beacafd0548555ee9bca813"
"md","pact-consumer-framework-setup","tea","tea/workflows/testarch/bmad-testarch-ci/resources/knowledge/pact-consumer-framework-setup.md","e3e5f12d21456e57c60c3ace467aea7fb3099cb02beacafd0548555ee9bca813"
"md","pact-consumer-framework-setup","tea","tea/workflows/testarch/bmad-testarch-framework/resources/knowledge/pact-consumer-framework-setup.md","e3e5f12d21456e57c60c3ace467aea7fb3099cb02beacafd0548555ee9bca813"
"md","pact-consumer-framework-setup","tea","tea/workflows/testarch/bmad-testarch-nfr/resources/knowledge/pact-consumer-framework-setup.md","e3e5f12d21456e57c60c3ace467aea7fb3099cb02beacafd0548555ee9bca813"
"md","pact-consumer-framework-setup","tea","tea/workflows/testarch/bmad-testarch-test-design/resources/knowledge/pact-consumer-framework-setup.md","e3e5f12d21456e57c60c3ace467aea7fb3099cb02beacafd0548555ee9bca813"
"md","pact-consumer-framework-setup","tea","tea/workflows/testarch/bmad-testarch-test-review/resources/knowledge/pact-consumer-framework-setup.md","e3e5f12d21456e57c60c3ace467aea7fb3099cb02beacafd0548555ee9bca813"
"md","pact-consumer-framework-setup","tea","tea/workflows/testarch/bmad-testarch-trace/resources/knowledge/pact-consumer-framework-setup.md","e3e5f12d21456e57c60c3ace467aea7fb3099cb02beacafd0548555ee9bca813"
"md","pact-mcp","tea","tea/agents/bmad-tea/resources/knowledge/pact-mcp.md","83240abe8ae243f4c07b572c34295fc9a59a74ae8ace8fafc17462a327b8d2b4"
"md","pact-mcp","tea","tea/workflows/testarch/bmad-testarch-atdd/resources/knowledge/pact-mcp.md","83240abe8ae243f4c07b572c34295fc9a59a74ae8ace8fafc17462a327b8d2b4"
"md","pact-mcp","tea","tea/workflows/testarch/bmad-testarch-automate/resources/knowledge/pact-mcp.md","83240abe8ae243f4c07b572c34295fc9a59a74ae8ace8fafc17462a327b8d2b4"
"md","pact-mcp","tea","tea/workflows/testarch/bmad-testarch-ci/resources/knowledge/pact-mcp.md","83240abe8ae243f4c07b572c34295fc9a59a74ae8ace8fafc17462a327b8d2b4"
"md","pact-mcp","tea","tea/workflows/testarch/bmad-testarch-framework/resources/knowledge/pact-mcp.md","83240abe8ae243f4c07b572c34295fc9a59a74ae8ace8fafc17462a327b8d2b4"
"md","pact-mcp","tea","tea/workflows/testarch/bmad-testarch-nfr/resources/knowledge/pact-mcp.md","83240abe8ae243f4c07b572c34295fc9a59a74ae8ace8fafc17462a327b8d2b4"
"md","pact-mcp","tea","tea/workflows/testarch/bmad-testarch-test-design/resources/knowledge/pact-mcp.md","83240abe8ae243f4c07b572c34295fc9a59a74ae8ace8fafc17462a327b8d2b4"
"md","pact-mcp","tea","tea/workflows/testarch/bmad-testarch-test-review/resources/knowledge/pact-mcp.md","83240abe8ae243f4c07b572c34295fc9a59a74ae8ace8fafc17462a327b8d2b4"
"md","pact-mcp","tea","tea/workflows/testarch/bmad-testarch-trace/resources/knowledge/pact-mcp.md","83240abe8ae243f4c07b572c34295fc9a59a74ae8ace8fafc17462a327b8d2b4"
"md","pactjs-utils-consumer-helpers","tea","tea/agents/bmad-tea/resources/knowledge/pactjs-utils-consumer-helpers.md","c8ad1d8ba2890c03741f6e24bec828278dedf22d0f2c3f46bde80da1a9489e26"
"md","pactjs-utils-consumer-helpers","tea","tea/workflows/testarch/bmad-testarch-atdd/resources/knowledge/pactjs-utils-consumer-helpers.md","c8ad1d8ba2890c03741f6e24bec828278dedf22d0f2c3f46bde80da1a9489e26"
"md","pactjs-utils-consumer-helpers","tea","tea/workflows/testarch/bmad-testarch-automate/resources/knowledge/pactjs-utils-consumer-helpers.md","c8ad1d8ba2890c03741f6e24bec828278dedf22d0f2c3f46bde80da1a9489e26"
"md","pactjs-utils-consumer-helpers","tea","tea/workflows/testarch/bmad-testarch-ci/resources/knowledge/pactjs-utils-consumer-helpers.md","c8ad1d8ba2890c03741f6e24bec828278dedf22d0f2c3f46bde80da1a9489e26"
"md","pactjs-utils-consumer-helpers","tea","tea/workflows/testarch/bmad-testarch-framework/resources/knowledge/pactjs-utils-consumer-helpers.md","c8ad1d8ba2890c03741f6e24bec828278dedf22d0f2c3f46bde80da1a9489e26"
"md","pactjs-utils-consumer-helpers","tea","tea/workflows/testarch/bmad-testarch-nfr/resources/knowledge/pactjs-utils-consumer-helpers.md","c8ad1d8ba2890c03741f6e24bec828278dedf22d0f2c3f46bde80da1a9489e26"
"md","pactjs-utils-consumer-helpers","tea","tea/workflows/testarch/bmad-testarch-test-design/resources/knowledge/pactjs-utils-consumer-helpers.md","c8ad1d8ba2890c03741f6e24bec828278dedf22d0f2c3f46bde80da1a9489e26"
"md","pactjs-utils-consumer-helpers","tea","tea/workflows/testarch/bmad-testarch-test-review/resources/knowledge/pactjs-utils-consumer-helpers.md","c8ad1d8ba2890c03741f6e24bec828278dedf22d0f2c3f46bde80da1a9489e26"
"md","pactjs-utils-consumer-helpers","tea","tea/workflows/testarch/bmad-testarch-trace/resources/knowledge/pactjs-utils-consumer-helpers.md","c8ad1d8ba2890c03741f6e24bec828278dedf22d0f2c3f46bde80da1a9489e26"
"md","pactjs-utils-overview","tea","tea/agents/bmad-tea/resources/knowledge/pactjs-utils-overview.md","63ca7cd096c73cd59842ee5d67956077369bc3696530d954931612b561606a1c"
"md","pactjs-utils-overview","tea","tea/workflows/testarch/bmad-testarch-atdd/resources/knowledge/pactjs-utils-overview.md","63ca7cd096c73cd59842ee5d67956077369bc3696530d954931612b561606a1c"
"md","pactjs-utils-overview","tea","tea/workflows/testarch/bmad-testarch-automate/resources/knowledge/pactjs-utils-overview.md","63ca7cd096c73cd59842ee5d67956077369bc3696530d954931612b561606a1c"
"md","pactjs-utils-overview","tea","tea/workflows/testarch/bmad-testarch-ci/resources/knowledge/pactjs-utils-overview.md","63ca7cd096c73cd59842ee5d67956077369bc3696530d954931612b561606a1c"
"md","pactjs-utils-overview","tea","tea/workflows/testarch/bmad-testarch-framework/resources/knowledge/pactjs-utils-overview.md","63ca7cd096c73cd59842ee5d67956077369bc3696530d954931612b561606a1c"
"md","pactjs-utils-overview","tea","tea/workflows/testarch/bmad-testarch-nfr/resources/knowledge/pactjs-utils-overview.md","63ca7cd096c73cd59842ee5d67956077369bc3696530d954931612b561606a1c"
"md","pactjs-utils-overview","tea","tea/workflows/testarch/bmad-testarch-test-design/resources/knowledge/pactjs-utils-overview.md","63ca7cd096c73cd59842ee5d67956077369bc3696530d954931612b561606a1c"
"md","pactjs-utils-overview","tea","tea/workflows/testarch/bmad-testarch-test-review/resources/knowledge/pactjs-utils-overview.md","63ca7cd096c73cd59842ee5d67956077369bc3696530d954931612b561606a1c"
"md","pactjs-utils-overview","tea","tea/workflows/testarch/bmad-testarch-trace/resources/knowledge/pactjs-utils-overview.md","63ca7cd096c73cd59842ee5d67956077369bc3696530d954931612b561606a1c"
"md","pactjs-utils-provider-verifier","tea","tea/agents/bmad-tea/resources/knowledge/pactjs-utils-provider-verifier.md","541e09c00db0212deb212320528c202e17586656a8d512eecfe1ab1ece9b661d"
"md","pactjs-utils-provider-verifier","tea","tea/workflows/testarch/bmad-testarch-atdd/resources/knowledge/pactjs-utils-provider-verifier.md","541e09c00db0212deb212320528c202e17586656a8d512eecfe1ab1ece9b661d"
"md","pactjs-utils-provider-verifier","tea","tea/workflows/testarch/bmad-testarch-automate/resources/knowledge/pactjs-utils-provider-verifier.md","541e09c00db0212deb212320528c202e17586656a8d512eecfe1ab1ece9b661d"
"md","pactjs-utils-provider-verifier","tea","tea/workflows/testarch/bmad-testarch-ci/resources/knowledge/pactjs-utils-provider-verifier.md","541e09c00db0212deb212320528c202e17586656a8d512eecfe1ab1ece9b661d"
"md","pactjs-utils-provider-verifier","tea","tea/workflows/testarch/bmad-testarch-framework/resources/knowledge/pactjs-utils-provider-verifier.md","541e09c00db0212deb212320528c202e17586656a8d512eecfe1ab1ece9b661d"
"md","pactjs-utils-provider-verifier","tea","tea/workflows/testarch/bmad-testarch-nfr/resources/knowledge/pactjs-utils-provider-verifier.md","541e09c00db0212deb212320528c202e17586656a8d512eecfe1ab1ece9b661d"
"md","pactjs-utils-provider-verifier","tea","tea/workflows/testarch/bmad-testarch-test-design/resources/knowledge/pactjs-utils-provider-verifier.md","541e09c00db0212deb212320528c202e17586656a8d512eecfe1ab1ece9b661d"
"md","pactjs-utils-provider-verifier","tea","tea/workflows/testarch/bmad-testarch-test-review/resources/knowledge/pactjs-utils-provider-verifier.md","541e09c00db0212deb212320528c202e17586656a8d512eecfe1ab1ece9b661d"
"md","pactjs-utils-provider-verifier","tea","tea/workflows/testarch/bmad-testarch-trace/resources/knowledge/pactjs-utils-provider-verifier.md","541e09c00db0212deb212320528c202e17586656a8d512eecfe1ab1ece9b661d"
"md","pactjs-utils-request-filter","tea","tea/agents/bmad-tea/resources/knowledge/pactjs-utils-request-filter.md","1312867725f49fe8ff9a136a90dc82becdab345d724a568a7f50abba31ee8f7c"
"md","pactjs-utils-request-filter","tea","tea/workflows/testarch/bmad-testarch-atdd/resources/knowledge/pactjs-utils-request-filter.md","1312867725f49fe8ff9a136a90dc82becdab345d724a568a7f50abba31ee8f7c"
"md","pactjs-utils-request-filter","tea","tea/workflows/testarch/bmad-testarch-automate/resources/knowledge/pactjs-utils-request-filter.md","1312867725f49fe8ff9a136a90dc82becdab345d724a568a7f50abba31ee8f7c"
"md","pactjs-utils-request-filter","tea","tea/workflows/testarch/bmad-testarch-ci/resources/knowledge/pactjs-utils-request-filter.md","1312867725f49fe8ff9a136a90dc82becdab345d724a568a7f50abba31ee8f7c"
"md","pactjs-utils-request-filter","tea","tea/workflows/testarch/bmad-testarch-framework/resources/knowledge/pactjs-utils-request-filter.md","1312867725f49fe8ff9a136a90dc82becdab345d724a568a7f50abba31ee8f7c"
"md","pactjs-utils-request-filter","tea","tea/workflows/testarch/bmad-testarch-nfr/resources/knowledge/pactjs-utils-request-filter.md","1312867725f49fe8ff9a136a90dc82becdab345d724a568a7f50abba31ee8f7c"
"md","pactjs-utils-request-filter","tea","tea/workflows/testarch/bmad-testarch-test-design/resources/knowledge/pactjs-utils-request-filter.md","1312867725f49fe8ff9a136a90dc82becdab345d724a568a7f50abba31ee8f7c"
"md","pactjs-utils-request-filter","tea","tea/workflows/testarch/bmad-testarch-test-review/resources/knowledge/pactjs-utils-request-filter.md","1312867725f49fe8ff9a136a90dc82becdab345d724a568a7f50abba31ee8f7c"
"md","pactjs-utils-request-filter","tea","tea/workflows/testarch/bmad-testarch-trace/resources/knowledge/pactjs-utils-request-filter.md","1312867725f49fe8ff9a136a90dc82becdab345d724a568a7f50abba31ee8f7c"
"md","playwright-cli","tea","tea/agents/bmad-tea/resources/knowledge/playwright-cli.md","eb2fcc132dcbdc692cbd7cbd3965dd73e2af26454eebedc1d5da47068596ca2d"
"md","playwright-cli","tea","tea/workflows/testarch/bmad-testarch-atdd/resources/knowledge/playwright-cli.md","eb2fcc132dcbdc692cbd7cbd3965dd73e2af26454eebedc1d5da47068596ca2d"
"md","playwright-cli","tea","tea/workflows/testarch/bmad-testarch-automate/resources/knowledge/playwright-cli.md","eb2fcc132dcbdc692cbd7cbd3965dd73e2af26454eebedc1d5da47068596ca2d"
"md","playwright-cli","tea","tea/workflows/testarch/bmad-testarch-ci/resources/knowledge/playwright-cli.md","eb2fcc132dcbdc692cbd7cbd3965dd73e2af26454eebedc1d5da47068596ca2d"
"md","playwright-cli","tea","tea/workflows/testarch/bmad-testarch-framework/resources/knowledge/playwright-cli.md","eb2fcc132dcbdc692cbd7cbd3965dd73e2af26454eebedc1d5da47068596ca2d"
"md","playwright-cli","tea","tea/workflows/testarch/bmad-testarch-nfr/resources/knowledge/playwright-cli.md","eb2fcc132dcbdc692cbd7cbd3965dd73e2af26454eebedc1d5da47068596ca2d"
"md","playwright-cli","tea","tea/workflows/testarch/bmad-testarch-test-design/resources/knowledge/playwright-cli.md","eb2fcc132dcbdc692cbd7cbd3965dd73e2af26454eebedc1d5da47068596ca2d"
"md","playwright-cli","tea","tea/workflows/testarch/bmad-testarch-test-review/resources/knowledge/playwright-cli.md","eb2fcc132dcbdc692cbd7cbd3965dd73e2af26454eebedc1d5da47068596ca2d"
"md","playwright-cli","tea","tea/workflows/testarch/bmad-testarch-trace/resources/knowledge/playwright-cli.md","eb2fcc132dcbdc692cbd7cbd3965dd73e2af26454eebedc1d5da47068596ca2d"
"md","playwright-config","tea","tea/agents/bmad-tea/resources/knowledge/playwright-config.md","91edb2ea58042a406ec3a55ca07f3af4a11e3329f5d19ed66a9175d61a8f9e5f"
"md","playwright-config","tea","tea/workflows/testarch/bmad-testarch-atdd/resources/knowledge/playwright-config.md","91edb2ea58042a406ec3a55ca07f3af4a11e3329f5d19ed66a9175d61a8f9e5f"
"md","playwright-config","tea","tea/workflows/testarch/bmad-testarch-automate/resources/knowledge/playwright-config.md","91edb2ea58042a406ec3a55ca07f3af4a11e3329f5d19ed66a9175d61a8f9e5f"
"md","playwright-config","tea","tea/workflows/testarch/bmad-testarch-ci/resources/knowledge/playwright-config.md","91edb2ea58042a406ec3a55ca07f3af4a11e3329f5d19ed66a9175d61a8f9e5f"
"md","playwright-config","tea","tea/workflows/testarch/bmad-testarch-framework/resources/knowledge/playwright-config.md","91edb2ea58042a406ec3a55ca07f3af4a11e3329f5d19ed66a9175d61a8f9e5f"
"md","playwright-config","tea","tea/workflows/testarch/bmad-testarch-nfr/resources/knowledge/playwright-config.md","91edb2ea58042a406ec3a55ca07f3af4a11e3329f5d19ed66a9175d61a8f9e5f"
"md","playwright-config","tea","tea/workflows/testarch/bmad-testarch-test-design/resources/knowledge/playwright-config.md","91edb2ea58042a406ec3a55ca07f3af4a11e3329f5d19ed66a9175d61a8f9e5f"
"md","playwright-config","tea","tea/workflows/testarch/bmad-testarch-test-review/resources/knowledge/playwright-config.md","91edb2ea58042a406ec3a55ca07f3af4a11e3329f5d19ed66a9175d61a8f9e5f"
"md","playwright-config","tea","tea/workflows/testarch/bmad-testarch-trace/resources/knowledge/playwright-config.md","91edb2ea58042a406ec3a55ca07f3af4a11e3329f5d19ed66a9175d61a8f9e5f"
"md","probability-impact","tea","tea/agents/bmad-tea/resources/knowledge/probability-impact.md","c582f4e681758b8c84ca2de003aa7133913326ac2c398b6c0e802914919b8333"
"md","probability-impact","tea","tea/workflows/testarch/bmad-testarch-atdd/resources/knowledge/probability-impact.md","c582f4e681758b8c84ca2de003aa7133913326ac2c398b6c0e802914919b8333"
"md","probability-impact","tea","tea/workflows/testarch/bmad-testarch-automate/resources/knowledge/probability-impact.md","c582f4e681758b8c84ca2de003aa7133913326ac2c398b6c0e802914919b8333"
"md","probability-impact","tea","tea/workflows/testarch/bmad-testarch-ci/resources/knowledge/probability-impact.md","c582f4e681758b8c84ca2de003aa7133913326ac2c398b6c0e802914919b8333"
"md","probability-impact","tea","tea/workflows/testarch/bmad-testarch-framework/resources/knowledge/probability-impact.md","c582f4e681758b8c84ca2de003aa7133913326ac2c398b6c0e802914919b8333"
"md","probability-impact","tea","tea/workflows/testarch/bmad-testarch-nfr/resources/knowledge/probability-impact.md","c582f4e681758b8c84ca2de003aa7133913326ac2c398b6c0e802914919b8333"
"md","probability-impact","tea","tea/workflows/testarch/bmad-testarch-test-design/resources/knowledge/probability-impact.md","c582f4e681758b8c84ca2de003aa7133913326ac2c398b6c0e802914919b8333"
"md","probability-impact","tea","tea/workflows/testarch/bmad-testarch-test-review/resources/knowledge/probability-impact.md","c582f4e681758b8c84ca2de003aa7133913326ac2c398b6c0e802914919b8333"
"md","probability-impact","tea","tea/workflows/testarch/bmad-testarch-trace/resources/knowledge/probability-impact.md","c582f4e681758b8c84ca2de003aa7133913326ac2c398b6c0e802914919b8333"
"md","README","tea","tea/workflows/testarch/README.md","8b0ba81a0cb23ecbfadd0f424f5292f90e12ab95daab921c273073001b39c194"
"md","recurse","tea","tea/agents/bmad-tea/resources/knowledge/recurse.md","758e81e7d8feb48c707fba65dade45d9bb93afc06d35ec54469af2af62980960"
"md","recurse","tea","tea/workflows/testarch/bmad-testarch-atdd/resources/knowledge/recurse.md","758e81e7d8feb48c707fba65dade45d9bb93afc06d35ec54469af2af62980960"
"md","recurse","tea","tea/workflows/testarch/bmad-testarch-automate/resources/knowledge/recurse.md","758e81e7d8feb48c707fba65dade45d9bb93afc06d35ec54469af2af62980960"
"md","recurse","tea","tea/workflows/testarch/bmad-testarch-ci/resources/knowledge/recurse.md","758e81e7d8feb48c707fba65dade45d9bb93afc06d35ec54469af2af62980960"
"md","recurse","tea","tea/workflows/testarch/bmad-testarch-framework/resources/knowledge/recurse.md","758e81e7d8feb48c707fba65dade45d9bb93afc06d35ec54469af2af62980960"
"md","recurse","tea","tea/workflows/testarch/bmad-testarch-nfr/resources/knowledge/recurse.md","758e81e7d8feb48c707fba65dade45d9bb93afc06d35ec54469af2af62980960"
"md","recurse","tea","tea/workflows/testarch/bmad-testarch-test-design/resources/knowledge/recurse.md","758e81e7d8feb48c707fba65dade45d9bb93afc06d35ec54469af2af62980960"
"md","recurse","tea","tea/workflows/testarch/bmad-testarch-test-review/resources/knowledge/recurse.md","758e81e7d8feb48c707fba65dade45d9bb93afc06d35ec54469af2af62980960"
"md","recurse","tea","tea/workflows/testarch/bmad-testarch-trace/resources/knowledge/recurse.md","758e81e7d8feb48c707fba65dade45d9bb93afc06d35ec54469af2af62980960"
"md","risk-governance","tea","tea/agents/bmad-tea/resources/knowledge/risk-governance.md","a290f259585eee2e0076bc6f14685acbbe6a6595b280a12bc6465797ec9e3592"
"md","risk-governance","tea","tea/workflows/testarch/bmad-testarch-atdd/resources/knowledge/risk-governance.md","a290f259585eee2e0076bc6f14685acbbe6a6595b280a12bc6465797ec9e3592"
"md","risk-governance","tea","tea/workflows/testarch/bmad-testarch-automate/resources/knowledge/risk-governance.md","a290f259585eee2e0076bc6f14685acbbe6a6595b280a12bc6465797ec9e3592"
"md","risk-governance","tea","tea/workflows/testarch/bmad-testarch-ci/resources/knowledge/risk-governance.md","a290f259585eee2e0076bc6f14685acbbe6a6595b280a12bc6465797ec9e3592"
"md","risk-governance","tea","tea/workflows/testarch/bmad-testarch-framework/resources/knowledge/risk-governance.md","a290f259585eee2e0076bc6f14685acbbe6a6595b280a12bc6465797ec9e3592"
"md","risk-governance","tea","tea/workflows/testarch/bmad-testarch-nfr/resources/knowledge/risk-governance.md","a290f259585eee2e0076bc6f14685acbbe6a6595b280a12bc6465797ec9e3592"
"md","risk-governance","tea","tea/workflows/testarch/bmad-testarch-test-design/resources/knowledge/risk-governance.md","a290f259585eee2e0076bc6f14685acbbe6a6595b280a12bc6465797ec9e3592"
"md","risk-governance","tea","tea/workflows/testarch/bmad-testarch-test-review/resources/knowledge/risk-governance.md","a290f259585eee2e0076bc6f14685acbbe6a6595b280a12bc6465797ec9e3592"
"md","risk-governance","tea","tea/workflows/testarch/bmad-testarch-trace/resources/knowledge/risk-governance.md","a290f259585eee2e0076bc6f14685acbbe6a6595b280a12bc6465797ec9e3592"
"md","selective-testing","tea","tea/agents/bmad-tea/resources/knowledge/selective-testing.md","16846e37e52116f2c8fb7b928cd1a36ecd5de308a97e22b7b71bf6012720cc19"
"md","selective-testing","tea","tea/workflows/testarch/bmad-testarch-atdd/resources/knowledge/selective-testing.md","16846e37e52116f2c8fb7b928cd1a36ecd5de308a97e22b7b71bf6012720cc19"
"md","selective-testing","tea","tea/workflows/testarch/bmad-testarch-automate/resources/knowledge/selective-testing.md","16846e37e52116f2c8fb7b928cd1a36ecd5de308a97e22b7b71bf6012720cc19"
"md","selective-testing","tea","tea/workflows/testarch/bmad-testarch-ci/resources/knowledge/selective-testing.md","16846e37e52116f2c8fb7b928cd1a36ecd5de308a97e22b7b71bf6012720cc19"
"md","selective-testing","tea","tea/workflows/testarch/bmad-testarch-framework/resources/knowledge/selective-testing.md","16846e37e52116f2c8fb7b928cd1a36ecd5de308a97e22b7b71bf6012720cc19"
"md","selective-testing","tea","tea/workflows/testarch/bmad-testarch-nfr/resources/knowledge/selective-testing.md","16846e37e52116f2c8fb7b928cd1a36ecd5de308a97e22b7b71bf6012720cc19"
"md","selective-testing","tea","tea/workflows/testarch/bmad-testarch-test-design/resources/knowledge/selective-testing.md","16846e37e52116f2c8fb7b928cd1a36ecd5de308a97e22b7b71bf6012720cc19"
"md","selective-testing","tea","tea/workflows/testarch/bmad-testarch-test-review/resources/knowledge/selective-testing.md","16846e37e52116f2c8fb7b928cd1a36ecd5de308a97e22b7b71bf6012720cc19"
"md","selective-testing","tea","tea/workflows/testarch/bmad-testarch-trace/resources/knowledge/selective-testing.md","16846e37e52116f2c8fb7b928cd1a36ecd5de308a97e22b7b71bf6012720cc19"
"md","selector-resilience","tea","tea/agents/bmad-tea/resources/knowledge/selector-resilience.md","27017332dd7d25c86ef39bbf8aec4ace89ee05bed56b6fdae639078c9e725d15"
"md","selector-resilience","tea","tea/workflows/testarch/bmad-testarch-atdd/resources/knowledge/selector-resilience.md","27017332dd7d25c86ef39bbf8aec4ace89ee05bed56b6fdae639078c9e725d15"
"md","selector-resilience","tea","tea/workflows/testarch/bmad-testarch-automate/resources/knowledge/selector-resilience.md","27017332dd7d25c86ef39bbf8aec4ace89ee05bed56b6fdae639078c9e725d15"
"md","selector-resilience","tea","tea/workflows/testarch/bmad-testarch-ci/resources/knowledge/selector-resilience.md","27017332dd7d25c86ef39bbf8aec4ace89ee05bed56b6fdae639078c9e725d15"
"md","selector-resilience","tea","tea/workflows/testarch/bmad-testarch-framework/resources/knowledge/selector-resilience.md","27017332dd7d25c86ef39bbf8aec4ace89ee05bed56b6fdae639078c9e725d15"
"md","selector-resilience","tea","tea/workflows/testarch/bmad-testarch-nfr/resources/knowledge/selector-resilience.md","27017332dd7d25c86ef39bbf8aec4ace89ee05bed56b6fdae639078c9e725d15"
"md","selector-resilience","tea","tea/workflows/testarch/bmad-testarch-test-design/resources/knowledge/selector-resilience.md","27017332dd7d25c86ef39bbf8aec4ace89ee05bed56b6fdae639078c9e725d15"
"md","selector-resilience","tea","tea/workflows/testarch/bmad-testarch-test-review/resources/knowledge/selector-resilience.md","27017332dd7d25c86ef39bbf8aec4ace89ee05bed56b6fdae639078c9e725d15"
"md","selector-resilience","tea","tea/workflows/testarch/bmad-testarch-trace/resources/knowledge/selector-resilience.md","27017332dd7d25c86ef39bbf8aec4ace89ee05bed56b6fdae639078c9e725d15"
"md","session-notes-template","tea","tea/workflows/testarch/bmad-teach-me-testing/templates/session-notes-template.md","e22954ab5200bd31dbe4f458746f854fe83a4bdbf848254da71650d6d94e4869"
"md","SKILL","tea","tea/agents/bmad-tea/SKILL.md","a0a3ccc8b307686ddc8172a9ca63ab150b4eb90e16a74efdc7bf1c381707688b"
"md","SKILL","tea","tea/workflows/testarch/bmad-teach-me-testing/SKILL.md","7bca9f657ad9d88fa067dfffb737b3aec2c5f3d18614d6a162f141966aefeab8"
"md","SKILL","tea","tea/workflows/testarch/bmad-testarch-atdd/SKILL.md","f32cda9320d46230735b5edf1dd28d4a14682d633713b7d973142af4106c5941"
"md","SKILL","tea","tea/workflows/testarch/bmad-testarch-automate/SKILL.md","46a6def223d2c224cc2e482b3d02f6391a2587604c3ee29e7bebc100b87dcd48"
"md","SKILL","tea","tea/workflows/testarch/bmad-testarch-ci/SKILL.md","3bc148831b898e6cf32c9915090f71700322d3cf8dba2e5e29d8e046d283ace0"
"md","SKILL","tea","tea/workflows/testarch/bmad-testarch-framework/SKILL.md","39703d3398ecaa8d079205d78a3f080b452fad1af488e8af460e7ad3fce8d49f"
"md","SKILL","tea","tea/workflows/testarch/bmad-testarch-nfr/SKILL.md","5e8b56bdadf4c8414b69837b22a0d4e9d65f71038eb6e5dc37e26668b18f0177"
"md","SKILL","tea","tea/workflows/testarch/bmad-testarch-test-design/SKILL.md","232f14dd77f107e0da95bd93730a3a943443c4503269b99fdb33680c53e22f32"
"md","SKILL","tea","tea/workflows/testarch/bmad-testarch-test-review/SKILL.md","36c82ad53616688087e7c1fd302f041119a32c37121ecab761b8c5b62a9813ef"
"md","SKILL","tea","tea/workflows/testarch/bmad-testarch-trace/SKILL.md","1b6c2a5b47067a9cb835c9147031a6148165008a88a10cf9ba7a8b630a06a161"
"md","step-01-assess","tea","tea/workflows/testarch/bmad-testarch-atdd/steps-e/step-01-assess.md","0da7cee58c923708334665bdaf5b50b4f0c6f9276b44fd6864d604809ed8db08"
"md","step-01-assess","tea","tea/workflows/testarch/bmad-testarch-automate/steps-e/step-01-assess.md","0da7cee58c923708334665bdaf5b50b4f0c6f9276b44fd6864d604809ed8db08"
"md","step-01-assess","tea","tea/workflows/testarch/bmad-testarch-ci/steps-e/step-01-assess.md","0da7cee58c923708334665bdaf5b50b4f0c6f9276b44fd6864d604809ed8db08"
"md","step-01-assess","tea","tea/workflows/testarch/bmad-testarch-framework/steps-e/step-01-assess.md","0da7cee58c923708334665bdaf5b50b4f0c6f9276b44fd6864d604809ed8db08"
"md","step-01-assess","tea","tea/workflows/testarch/bmad-testarch-nfr/steps-e/step-01-assess.md","0da7cee58c923708334665bdaf5b50b4f0c6f9276b44fd6864d604809ed8db08"
"md","step-01-assess","tea","tea/workflows/testarch/bmad-testarch-test-design/steps-e/step-01-assess.md","0da7cee58c923708334665bdaf5b50b4f0c6f9276b44fd6864d604809ed8db08"
"md","step-01-assess","tea","tea/workflows/testarch/bmad-testarch-test-review/steps-e/step-01-assess.md","0da7cee58c923708334665bdaf5b50b4f0c6f9276b44fd6864d604809ed8db08"
"md","step-01-assess","tea","tea/workflows/testarch/bmad-testarch-trace/steps-e/step-01-assess.md","0da7cee58c923708334665bdaf5b50b4f0c6f9276b44fd6864d604809ed8db08"
"md","step-01-detect-mode","tea","tea/workflows/testarch/bmad-testarch-test-design/steps-c/step-01-detect-mode.md","9d3c4f94dd9765b930260a2a12b0c2f0d21913579b6389b4f713fab4e07d2c67"
"md","step-01-init","tea","tea/workflows/testarch/bmad-teach-me-testing/steps-c/step-01-init.md","2ab1093556d719fb69a573a9c5dc855ca252776a0f0513fba56c9a93bc790ab8"
"md","step-01-load-context","tea","tea/workflows/testarch/bmad-testarch-nfr/steps-c/step-01-load-context.md","b0098b27bf5e11472678b0d7ed74ed573e47ba25a84b260a9e0d4d3aa472a86f"
"md","step-01-load-context","tea","tea/workflows/testarch/bmad-testarch-test-review/steps-c/step-01-load-context.md","880bc094d9434de38671cb009919938b601da2cf1b6a6765fc2892ad9e424bb4"
"md","step-01-load-context","tea","tea/workflows/testarch/bmad-testarch-trace/steps-c/step-01-load-context.md","8041d70b72098a679a420efd67b0724dc49793d2382c79f915f56142e649f507"
"md","step-01-preflight","tea","tea/workflows/testarch/bmad-testarch-ci/steps-c/step-01-preflight.md","d6fbec1390c6dd2fc49b4cb02eac04bbf9652e1d13741657fd4f4babb1eb1b4b"
"md","step-01-preflight","tea","tea/workflows/testarch/bmad-testarch-framework/steps-c/step-01-preflight.md","5c47a9122b34e7c3aefa625a90b016ad825cecd0185574cfb30ab6742c5f02b7"
"md","step-01-preflight-and-context","tea","tea/workflows/testarch/bmad-testarch-atdd/steps-c/step-01-preflight-and-context.md","68623741ce297bb3c2ba2b9453beca58854bff5a106ed969191ca9089ebbc7cb"
"md","step-01-preflight-and-context","tea","tea/workflows/testarch/bmad-testarch-automate/steps-c/step-01-preflight-and-context.md","52447efa7049acea078b9f1840753635a9fba8b6fcc51d745f50eb337d8af9c1"
"md","step-01-validate","tea","tea/workflows/testarch/bmad-testarch-atdd/steps-v/step-01-validate.md","fb607dc904d4444956825b07145cf84d553948b39649e8bcdec2d7021473f5ce"
"md","step-01-validate","tea","tea/workflows/testarch/bmad-testarch-automate/steps-v/step-01-validate.md","82e552d7d0b259ae02e4006e05531f0e0865852ece082e5db2bb4197f34bbea7"
"md","step-01-validate","tea","tea/workflows/testarch/bmad-testarch-ci/steps-v/step-01-validate.md","d6dd8df1531548ae4f79282e9131cee1c2e791abfb2c3f760997b5a9f1a7d1f9"
"md","step-01-validate","tea","tea/workflows/testarch/bmad-testarch-framework/steps-v/step-01-validate.md","cbe878bd1c78da42bfb6e3655c8b53db1919c8c58c0d5c0c2ee8ae6ebed2ba80"
"md","step-01-validate","tea","tea/workflows/testarch/bmad-testarch-nfr/steps-v/step-01-validate.md","403c66b27c0c754da67ee56f1ec626e2a777653c2f309a6bf4ac6fbe323a2fac"
"md","step-01-validate","tea","tea/workflows/testarch/bmad-testarch-test-design/steps-v/step-01-validate.md","dddd6dfde8240eccc74f05cefdf1189b3702ada7372968ba8e1a1675454b74df"
"md","step-01-validate","tea","tea/workflows/testarch/bmad-testarch-test-review/steps-v/step-01-validate.md","832c320ecc2bb2d7f1025ab155dc128593a4571051f15aaa23dbfbb57469d3bb"
"md","step-01-validate","tea","tea/workflows/testarch/bmad-testarch-trace/steps-v/step-01-validate.md","2b5da1036d9d2aedaf6b5476cd8d94aa22d86ff06a0fab06740aef908d86ed03"
"md","step-01b-continue","tea","tea/workflows/testarch/bmad-teach-me-testing/steps-c/step-01b-continue.md","cceaf696a390d43802a8155c50f65f47cb9885587199db910169beba41d31b45"
"md","step-01b-resume","tea","tea/workflows/testarch/bmad-testarch-atdd/steps-c/step-01b-resume.md","0012c1f398c03389c4c0b9833f1ef7bbbb59e886837d09160790757528d63a02"
"md","step-01b-resume","tea","tea/workflows/testarch/bmad-testarch-automate/steps-c/step-01b-resume.md","964342ec321adc0397ddbf51dd3c0e194b406b752d948ae9a115b5898c8b65e9"
"md","step-01b-resume","tea","tea/workflows/testarch/bmad-testarch-ci/steps-c/step-01b-resume.md","12de739385eaf55e31aaed64b8608324d3c6fd247f22378a630810cbace44798"
"md","step-01b-resume","tea","tea/workflows/testarch/bmad-testarch-framework/steps-c/step-01b-resume.md","25e2623397b2144f50bd0906186d72117a9c005e75583e0e3968111e3fdaef4b"
"md","step-01b-resume","tea","tea/workflows/testarch/bmad-testarch-nfr/steps-c/step-01b-resume.md","43f7133fd110c9c8aa3edab7f02a344f08aaa7bcfd70ae8ed9803ff670dabc22"
"md","step-01b-resume","tea","tea/workflows/testarch/bmad-testarch-test-design/steps-c/step-01b-resume.md","490487dca414ed1a072acb0cc8f496d825b14dd3b06870823ee852d484c6f4fc"
"md","step-01b-resume","tea","tea/workflows/testarch/bmad-testarch-test-review/steps-c/step-01b-resume.md","9171e8dabce907994fd7181d3fa42364c661b53da3887bb8dc5930cca6534a86"
"md","step-01b-resume","tea","tea/workflows/testarch/bmad-testarch-trace/steps-c/step-01b-resume.md","e651392598418fdb754c6f709a9090290e3328599b02f61d7ef95ecf58836fc5"
"md","step-02-apply-edit","tea","tea/workflows/testarch/bmad-testarch-atdd/steps-e/step-02-apply-edit.md","1bab9f0a282b0706ae7f3fe866ae9743561d62e31b55ec71a3c8b8c805eb1b86"
"md","step-02-apply-edit","tea","tea/workflows/testarch/bmad-testarch-automate/steps-e/step-02-apply-edit.md","1bab9f0a282b0706ae7f3fe866ae9743561d62e31b55ec71a3c8b8c805eb1b86"
"md","step-02-apply-edit","tea","tea/workflows/testarch/bmad-testarch-ci/steps-e/step-02-apply-edit.md","1bab9f0a282b0706ae7f3fe866ae9743561d62e31b55ec71a3c8b8c805eb1b86"
"md","step-02-apply-edit","tea","tea/workflows/testarch/bmad-testarch-framework/steps-e/step-02-apply-edit.md","1bab9f0a282b0706ae7f3fe866ae9743561d62e31b55ec71a3c8b8c805eb1b86"
"md","step-02-apply-edit","tea","tea/workflows/testarch/bmad-testarch-nfr/steps-e/step-02-apply-edit.md","1bab9f0a282b0706ae7f3fe866ae9743561d62e31b55ec71a3c8b8c805eb1b86"
"md","step-02-apply-edit","tea","tea/workflows/testarch/bmad-testarch-test-design/steps-e/step-02-apply-edit.md","1bab9f0a282b0706ae7f3fe866ae9743561d62e31b55ec71a3c8b8c805eb1b86"
"md","step-02-apply-edit","tea","tea/workflows/testarch/bmad-testarch-test-review/steps-e/step-02-apply-edit.md","1bab9f0a282b0706ae7f3fe866ae9743561d62e31b55ec71a3c8b8c805eb1b86"
"md","step-02-apply-edit","tea","tea/workflows/testarch/bmad-testarch-trace/steps-e/step-02-apply-edit.md","1bab9f0a282b0706ae7f3fe866ae9743561d62e31b55ec71a3c8b8c805eb1b86"
"md","step-02-assess","tea","tea/workflows/testarch/bmad-teach-me-testing/steps-c/step-02-assess.md","fc59314f431976a371ecf29dabc99684cec6a532e99a583b30419a5aa13b2a73"
"md","step-02-define-thresholds","tea","tea/workflows/testarch/bmad-testarch-nfr/steps-c/step-02-define-thresholds.md","044f8ffec7060b5e2a9edd6a0a547e57f2f4cc6c01dd8bc603231ca66e31a82a"
"md","step-02-discover-tests","tea","tea/workflows/testarch/bmad-testarch-test-review/steps-c/step-02-discover-tests.md","0b2f1e8f4b54b27bff6baff51c804e2d5391a334a50f8d4160ab506cb8d1e290"
"md","step-02-discover-tests","tea","tea/workflows/testarch/bmad-testarch-trace/steps-c/step-02-discover-tests.md","4e8d0acb418262b8be85a47604c097fcc9ba7338817ac2a93397544416790e1e"
"md","step-02-generate-pipeline","tea","tea/workflows/testarch/bmad-testarch-ci/steps-c/step-02-generate-pipeline.md","6f2108d4976c901ff5d5b6453a4c77e428751a6efe6a6eb75056e1adfb4974cb"
"md","step-02-generation-mode","tea","tea/workflows/testarch/bmad-testarch-atdd/steps-c/step-02-generation-mode.md","9ee0e84f48025fb925d5a0a15f2325e7c4b9a9c5121119d0333c8688ddfec176"
"md","step-02-identify-targets","tea","tea/workflows/testarch/bmad-testarch-automate/steps-c/step-02-identify-targets.md","0d1a28f43a5dcd058b66e17f2d081ff7c1c7e41a2ac2e7495c95b06df06c5f5b"
"md","step-02-load-context","tea","tea/workflows/testarch/bmad-testarch-test-design/steps-c/step-02-load-context.md","e1f15652b8ba3672f9ffdeae9e915b2c03cf74ef14dcc31d26051214cfb2d2b2"
"md","step-02-select-framework","tea","tea/workflows/testarch/bmad-testarch-framework/steps-c/step-02-select-framework.md","958ad94c65003793c20f6ecc0d9ced2b3f4ae3f3990332129dc8d8894fb41a54"
"md","step-03-configure-quality-gates","tea","tea/workflows/testarch/bmad-testarch-ci/steps-c/step-03-configure-quality-gates.md","6056b8bb3d45021f9067f27a7cd4250bfa2d259d608e5abb367650942bf16de5"
"md","step-03-gather-evidence","tea","tea/workflows/testarch/bmad-testarch-nfr/steps-c/step-03-gather-evidence.md","161b3d30ff4296c3097a55ebe62816dc3364961f9596aa69256369cecc34ee1d"
"md","step-03-generate-tests","tea","tea/workflows/testarch/bmad-testarch-automate/steps-c/step-03-generate-tests.md","5be55887f41b4387de6ab15085b3b9049ed1eec96d16b2b3673145753cf5baf6"
"md","step-03-map-criteria","tea","tea/workflows/testarch/bmad-testarch-trace/steps-c/step-03-map-criteria.md","6c29e8d225accf4ab5dad033cb3f0a9e433234f4b029060adc2dfeccaaad69ff"
"md","step-03-quality-evaluation","tea","tea/workflows/testarch/bmad-testarch-test-review/steps-c/step-03-quality-evaluation.md","65d6b9c1810664e1676dc5efb0d9a452f0331fcd25e3e10cb51caa93e9960870"
"md","step-03-risk-and-testability","tea","tea/workflows/testarch/bmad-testarch-test-design/steps-c/step-03-risk-and-testability.md","bcc4e25eef2df5aea73fc1b1c38fe13e9754f24716bc6e5dfa69f88ad7777ca0"
"md","step-03-scaffold-framework","tea","tea/workflows/testarch/bmad-testarch-framework/steps-c/step-03-scaffold-framework.md","7b12da7f70ce5c5c7e1bcbed18e784cefd6fa8f885fac22b2da108510a1e59e5"
"md","step-03-session-menu","tea","tea/workflows/testarch/bmad-teach-me-testing/steps-c/step-03-session-menu.md","3925d5c5e315ed88d16d43ab038a9711e8321537352e3cf5b0ebbc1427d1753d"
"md","step-03-test-strategy","tea","tea/workflows/testarch/bmad-testarch-atdd/steps-c/step-03-test-strategy.md","d3170c76f83388eb1ca483558c1475a33bcb33c5071747dc6b887919d1f5b1fe"
"md","step-03a-subagent-api","tea","tea/workflows/testarch/bmad-testarch-automate/steps-c/step-03a-subagent-api.md","e7fc5eefb2c339d647b2e893e3ab1fac9e4b01b4d6a330f1e7889b9e0dd03132"
"md","step-03a-subagent-determinism","tea","tea/workflows/testarch/bmad-testarch-test-review/steps-c/step-03a-subagent-determinism.md","7063463d4bf6d1593cf97f3a62cbcc035982acba479bac8ffa87e3e9feb25420"
"md","step-03b-subagent-backend","tea","tea/workflows/testarch/bmad-testarch-automate/steps-c/step-03b-subagent-backend.md","c3c10bc41e0ce0f29b7fc65ed28dbab8b33c7adc1fde52b5c6959d25f1df4f88"
"md","step-03b-subagent-e2e","tea","tea/workflows/testarch/bmad-testarch-automate/steps-c/step-03b-subagent-e2e.md","4cdf6b840550905d9347a03f9219e7aef1868618c99e2ccaf8b35c23018298a4"
"md","step-03b-subagent-isolation","tea","tea/workflows/testarch/bmad-testarch-test-review/steps-c/step-03b-subagent-isolation.md","4e5f9f983ed9d65c613226c451b1cae11e38cabc4b1bffe197ab5bdbd933025a"
"md","step-03c-aggregate","tea","tea/workflows/testarch/bmad-testarch-automate/steps-c/step-03c-aggregate.md","d4da7428584a1132d575685317cf8dde519aff15c7994566b263c2f68f24d72c"
"md","step-03c-subagent-maintainability","tea","tea/workflows/testarch/bmad-testarch-test-review/steps-c/step-03c-subagent-maintainability.md","98e6da35435a7da19d0e92975c4d3f0e1fd5b99dadeebe318665a2970ae73cd5"
"md","step-03e-subagent-performance","tea","tea/workflows/testarch/bmad-testarch-test-review/steps-c/step-03e-subagent-performance.md","a17ba4d114757da4457f51536012d153cfc42b76f3a32c54846737698dd46d0b"
"md","step-03f-aggregate-scores","tea","tea/workflows/testarch/bmad-testarch-test-review/steps-c/step-03f-aggregate-scores.md","5ed033dc182b71b92d4872bdf4eddde59c5b18e3b54dc65bbe49f5011c25ad12"
"md","step-04-analyze-gaps","tea","tea/workflows/testarch/bmad-testarch-trace/steps-c/step-04-analyze-gaps.md","cda71e008da2dfee7c6a6e2d9e8c2fe4f977074f7e0f0093f43d166c82db0719"
"md","step-04-coverage-plan","tea","tea/workflows/testarch/bmad-testarch-test-design/steps-c/step-04-coverage-plan.md","1abfc3750bd4d8c9a1c75ecb1fca1998f45b33d6b781751de8bc072b32c1ad65"
"md","step-04-docs-and-scripts","tea","tea/workflows/testarch/bmad-testarch-framework/steps-c/step-04-docs-and-scripts.md","a36e99ebc133e18f784d75d8f42109d019f2295eaf0315addb8a5726c7a61a48"
"md","step-04-evaluate-and-score","tea","tea/workflows/testarch/bmad-testarch-nfr/steps-c/step-04-evaluate-and-score.md","fb1e647fdaadbf1959f9823726b25cae4fa8716aacc3c1c45f50c7fbca6c391c"
"md","step-04-generate-report","tea","tea/workflows/testarch/bmad-testarch-test-review/steps-c/step-04-generate-report.md","c60e9ba9ec233d56d0c572cf0e98bb7e46efea27ba5a29041c3a427712ddd003"
"md","step-04-generate-tests","tea","tea/workflows/testarch/bmad-testarch-atdd/steps-c/step-04-generate-tests.md","1d7d97388b8aff1e9ce2cddf7d7d606d6b82d4d15078d9aab1e4ace5b01aa62f"
"md","step-04-session-01","tea","tea/workflows/testarch/bmad-teach-me-testing/steps-c/step-04-session-01.md","af03d4e84391bdb400e1b5bc91a4c7b433015c83eeb5f05016419f752f7b3d0a"
"md","step-04-session-02","tea","tea/workflows/testarch/bmad-teach-me-testing/steps-c/step-04-session-02.md","e9a544982a4735413ecd579ce2989497f7f7a8767f78fc85f9a78b8524035601"
"md","step-04-session-03","tea","tea/workflows/testarch/bmad-teach-me-testing/steps-c/step-04-session-03.md","c151a74acf70e6cc8057cda58ff754099c0518154a44d3e44e36a9550793b36d"
"md","step-04-session-04","tea","tea/workflows/testarch/bmad-teach-me-testing/steps-c/step-04-session-04.md","0d2488945b2e1bb2e2c772040f9202e8cfb13f6c318ee265df3ef65eea7574da"
"md","step-04-session-05","tea","tea/workflows/testarch/bmad-teach-me-testing/steps-c/step-04-session-05.md","dc7e59d103c2097b37e7d61c52a481fd608d235aea066456f04f363f5179e086"
"md","step-04-session-06","tea","tea/workflows/testarch/bmad-teach-me-testing/steps-c/step-04-session-06.md","5c4c80c67e6a1e66ca5cf1387cad0c128146d502ef8fff25775e235a584d33ab"
"md","step-04-session-07","tea","tea/workflows/testarch/bmad-teach-me-testing/steps-c/step-04-session-07.md","3b7c2e21fc40c06e731e7ae01c9d51e0ac63d28327bad95dc60a8068215c47cb"
"md","step-04-validate-and-summarize","tea","tea/workflows/testarch/bmad-testarch-automate/steps-c/step-04-validate-and-summarize.md","907a784a9c3a3d6932137cf80409f9751e1234c0367e8847b3276d86fccfddcd"
"md","step-04-validate-and-summary","tea","tea/workflows/testarch/bmad-testarch-ci/steps-c/step-04-validate-and-summary.md","869dc8e0aa749715d4116c6fe8623df1e29976d0fd5ad4f4dfc5589543541ad4"
"md","step-04a-subagent-api-failing","tea","tea/workflows/testarch/bmad-testarch-atdd/steps-c/step-04a-subagent-api-failing.md","9afeedbe6b3e12780a672bc0c36641c040138b89ff8baa652b1f516b3c0134b6"
"md","step-04a-subagent-security","tea","tea/workflows/testarch/bmad-testarch-nfr/steps-c/step-04a-subagent-security.md","e397ece88e646edd7decefcffae218077e23665e15c14fd2d41c56cd65c6cb4e"
"md","step-04b-subagent-e2e-failing","tea","tea/workflows/testarch/bmad-testarch-atdd/steps-c/step-04b-subagent-e2e-failing.md","acc42edab80a5618d764d0a255d07eb9076bae1f71d74cce8f3383d06c68332e"
"md","step-04b-subagent-performance","tea","tea/workflows/testarch/bmad-testarch-nfr/steps-c/step-04b-subagent-performance.md","de6f83e68ce242254767919b6a8e9b79575e75d407159c5a07e966c03d129c1d"
"md","step-04c-aggregate","tea","tea/workflows/testarch/bmad-testarch-atdd/steps-c/step-04c-aggregate.md","9f719ffbf6afc0083398ec665a50bf10764b3ad8fb562a8d45fb2f51e8ebad48"
"md","step-04c-subagent-reliability","tea","tea/workflows/testarch/bmad-testarch-nfr/steps-c/step-04c-subagent-reliability.md","8e418f4e9838264a7577a511135a20efc918b9baae56d4dc44d18f8888162564"
"md","step-04d-subagent-scalability","tea","tea/workflows/testarch/bmad-testarch-nfr/steps-c/step-04d-subagent-scalability.md","4e138676b99f92d9728fae91974ec260be93f151eec753764a364a76e394152e"
"md","step-04e-aggregate-nfr","tea","tea/workflows/testarch/bmad-testarch-nfr/steps-c/step-04e-aggregate-nfr.md","38642fca4c37a0da53c1313e6bf90093ebd2e1867103c497d868a2ec81ddeb74"
"md","step-05-completion","tea","tea/workflows/testarch/bmad-teach-me-testing/steps-c/step-05-completion.md","4fdb31c2a48a234d9d93d9f4181d78275e169ed263632ee2c52534a398d0696c"
"md","step-05-gate-decision","tea","tea/workflows/testarch/bmad-testarch-trace/steps-c/step-05-gate-decision.md","0485065c4bdb43f03625868c92a7a0695f07009ba8f3d43b25da758a35812620"
"md","step-05-generate-output","tea","tea/workflows/testarch/bmad-testarch-test-design/steps-c/step-05-generate-output.md","24f626a0650d932e82c04a67b9a58dbf8c09471d6a79469da4e075885d552a4f"
"md","step-05-generate-report","tea","tea/workflows/testarch/bmad-testarch-nfr/steps-c/step-05-generate-report.md","1b7a4773ccf84efc5932357fd2c2bd370aa890b62b3be1c3f74c7aeb2a2b9b63"
"md","step-05-validate-and-complete","tea","tea/workflows/testarch/bmad-testarch-atdd/steps-c/step-05-validate-and-complete.md","cc0d6754bb757a33c3a42d5ea904685b189a5e17a8b4fbeec08fb5bd7c108760"
"md","step-05-validate-and-summary","tea","tea/workflows/testarch/bmad-testarch-framework/steps-c/step-05-validate-and-summary.md","b63a1a0e562d5f6db1bdf05f12e9001a1a29fc539b55ea840b7f98f6082eeb27"
"md","step-e-01-assess-workflow","tea","tea/workflows/testarch/bmad-teach-me-testing/steps-e/step-e-01-assess-workflow.md","69efe382e2c34c40c708cc78983f9da17bc03dadbe48d404cf5fff5a41064af6"
"md","step-e-02-apply-edits","tea","tea/workflows/testarch/bmad-teach-me-testing/steps-e/step-e-02-apply-edits.md","e80344a593f15a80c0d9883592ba54fbef2934a4b9d2b5abd892f554a70dc11a"
"md","step-v-01-validate","tea","tea/workflows/testarch/bmad-teach-me-testing/steps-v/step-v-01-validate.md","44e3299dd821040695106119643d70ad67cf1f7b050794b0c578c83e2476fa7f"
"md","test-design-architecture-template","tea","tea/workflows/testarch/bmad-testarch-test-design/test-design-architecture-template.md","dc3317f4b22d2410429acee64f09e043bd677a09335127c65652b40b916cd469"
"md","test-design-handoff-template","tea","tea/workflows/testarch/bmad-testarch-test-design/test-design-handoff-template.md","2569b545622917e0ece923dd8771aacf0a59ca888793fda492484830f7228b6f"
"md","test-design-qa-template","tea","tea/workflows/testarch/bmad-testarch-test-design/test-design-qa-template.md","0bd32213a8bf05b9e56d355331c9da6512e8408214bdd1faffedaac88dc660ea"
"md","test-design-template","tea","tea/workflows/testarch/bmad-testarch-test-design/test-design-template.md","171e6449a385224498fe1c32f48c1cc8f098575a5d303c17e6e89486ca0295db"
"md","test-healing-patterns","tea","tea/agents/bmad-tea/resources/knowledge/test-healing-patterns.md","34f05dc40b5ead05d9c68299cb1a46f819338a4c8c928ab550a593e17f2b5464"
"md","test-healing-patterns","tea","tea/workflows/testarch/bmad-testarch-atdd/resources/knowledge/test-healing-patterns.md","34f05dc40b5ead05d9c68299cb1a46f819338a4c8c928ab550a593e17f2b5464"
"md","test-healing-patterns","tea","tea/workflows/testarch/bmad-testarch-automate/resources/knowledge/test-healing-patterns.md","34f05dc40b5ead05d9c68299cb1a46f819338a4c8c928ab550a593e17f2b5464"
"md","test-healing-patterns","tea","tea/workflows/testarch/bmad-testarch-ci/resources/knowledge/test-healing-patterns.md","34f05dc40b5ead05d9c68299cb1a46f819338a4c8c928ab550a593e17f2b5464"
"md","test-healing-patterns","tea","tea/workflows/testarch/bmad-testarch-framework/resources/knowledge/test-healing-patterns.md","34f05dc40b5ead05d9c68299cb1a46f819338a4c8c928ab550a593e17f2b5464"
"md","test-healing-patterns","tea","tea/workflows/testarch/bmad-testarch-nfr/resources/knowledge/test-healing-patterns.md","34f05dc40b5ead05d9c68299cb1a46f819338a4c8c928ab550a593e17f2b5464"
"md","test-healing-patterns","tea","tea/workflows/testarch/bmad-testarch-test-design/resources/knowledge/test-healing-patterns.md","34f05dc40b5ead05d9c68299cb1a46f819338a4c8c928ab550a593e17f2b5464"
"md","test-healing-patterns","tea","tea/workflows/testarch/bmad-testarch-test-review/resources/knowledge/test-healing-patterns.md","34f05dc40b5ead05d9c68299cb1a46f819338a4c8c928ab550a593e17f2b5464"
"md","test-healing-patterns","tea","tea/workflows/testarch/bmad-testarch-trace/resources/knowledge/test-healing-patterns.md","34f05dc40b5ead05d9c68299cb1a46f819338a4c8c928ab550a593e17f2b5464"
"md","test-levels-framework","tea","tea/agents/bmad-tea/resources/knowledge/test-levels-framework.md","5397ad467351c55a6c8ee0d7f2fc6fce3d123a0bee35c01af0f71aa90d8bd0ea"
"md","test-levels-framework","tea","tea/workflows/testarch/bmad-testarch-atdd/resources/knowledge/test-levels-framework.md","5397ad467351c55a6c8ee0d7f2fc6fce3d123a0bee35c01af0f71aa90d8bd0ea"
"md","test-levels-framework","tea","tea/workflows/testarch/bmad-testarch-automate/resources/knowledge/test-levels-framework.md","5397ad467351c55a6c8ee0d7f2fc6fce3d123a0bee35c01af0f71aa90d8bd0ea"
"md","test-levels-framework","tea","tea/workflows/testarch/bmad-testarch-ci/resources/knowledge/test-levels-framework.md","5397ad467351c55a6c8ee0d7f2fc6fce3d123a0bee35c01af0f71aa90d8bd0ea"
"md","test-levels-framework","tea","tea/workflows/testarch/bmad-testarch-framework/resources/knowledge/test-levels-framework.md","5397ad467351c55a6c8ee0d7f2fc6fce3d123a0bee35c01af0f71aa90d8bd0ea"
"md","test-levels-framework","tea","tea/workflows/testarch/bmad-testarch-nfr/resources/knowledge/test-levels-framework.md","5397ad467351c55a6c8ee0d7f2fc6fce3d123a0bee35c01af0f71aa90d8bd0ea"
"md","test-levels-framework","tea","tea/workflows/testarch/bmad-testarch-test-design/resources/knowledge/test-levels-framework.md","5397ad467351c55a6c8ee0d7f2fc6fce3d123a0bee35c01af0f71aa90d8bd0ea"
"md","test-levels-framework","tea","tea/workflows/testarch/bmad-testarch-test-review/resources/knowledge/test-levels-framework.md","5397ad467351c55a6c8ee0d7f2fc6fce3d123a0bee35c01af0f71aa90d8bd0ea"
"md","test-levels-framework","tea","tea/workflows/testarch/bmad-testarch-trace/resources/knowledge/test-levels-framework.md","5397ad467351c55a6c8ee0d7f2fc6fce3d123a0bee35c01af0f71aa90d8bd0ea"
"md","test-priorities-matrix","tea","tea/agents/bmad-tea/resources/knowledge/test-priorities-matrix.md","9f026da4038166ce8c3cc8aaedc9ca32b99eae75a053d5301c07bc53442a7788"
"md","test-priorities-matrix","tea","tea/workflows/testarch/bmad-testarch-atdd/resources/knowledge/test-priorities-matrix.md","9f026da4038166ce8c3cc8aaedc9ca32b99eae75a053d5301c07bc53442a7788"
"md","test-priorities-matrix","tea","tea/workflows/testarch/bmad-testarch-automate/resources/knowledge/test-priorities-matrix.md","9f026da4038166ce8c3cc8aaedc9ca32b99eae75a053d5301c07bc53442a7788"
"md","test-priorities-matrix","tea","tea/workflows/testarch/bmad-testarch-ci/resources/knowledge/test-priorities-matrix.md","9f026da4038166ce8c3cc8aaedc9ca32b99eae75a053d5301c07bc53442a7788"
"md","test-priorities-matrix","tea","tea/workflows/testarch/bmad-testarch-framework/resources/knowledge/test-priorities-matrix.md","9f026da4038166ce8c3cc8aaedc9ca32b99eae75a053d5301c07bc53442a7788"
"md","test-priorities-matrix","tea","tea/workflows/testarch/bmad-testarch-nfr/resources/knowledge/test-priorities-matrix.md","9f026da4038166ce8c3cc8aaedc9ca32b99eae75a053d5301c07bc53442a7788"
"md","test-priorities-matrix","tea","tea/workflows/testarch/bmad-testarch-test-design/resources/knowledge/test-priorities-matrix.md","9f026da4038166ce8c3cc8aaedc9ca32b99eae75a053d5301c07bc53442a7788"
"md","test-priorities-matrix","tea","tea/workflows/testarch/bmad-testarch-test-review/resources/knowledge/test-priorities-matrix.md","9f026da4038166ce8c3cc8aaedc9ca32b99eae75a053d5301c07bc53442a7788"
"md","test-priorities-matrix","tea","tea/workflows/testarch/bmad-testarch-trace/resources/knowledge/test-priorities-matrix.md","9f026da4038166ce8c3cc8aaedc9ca32b99eae75a053d5301c07bc53442a7788"
"md","test-quality","tea","tea/agents/bmad-tea/resources/knowledge/test-quality.md","01552faa4496926c4e4badf03ff7c0b17fbf3e5647c3a79348c6e4932602955e"
"md","test-quality","tea","tea/workflows/testarch/bmad-testarch-atdd/resources/knowledge/test-quality.md","01552faa4496926c4e4badf03ff7c0b17fbf3e5647c3a79348c6e4932602955e"
"md","test-quality","tea","tea/workflows/testarch/bmad-testarch-automate/resources/knowledge/test-quality.md","01552faa4496926c4e4badf03ff7c0b17fbf3e5647c3a79348c6e4932602955e"
"md","test-quality","tea","tea/workflows/testarch/bmad-testarch-ci/resources/knowledge/test-quality.md","01552faa4496926c4e4badf03ff7c0b17fbf3e5647c3a79348c6e4932602955e"
"md","test-quality","tea","tea/workflows/testarch/bmad-testarch-framework/resources/knowledge/test-quality.md","01552faa4496926c4e4badf03ff7c0b17fbf3e5647c3a79348c6e4932602955e"
"md","test-quality","tea","tea/workflows/testarch/bmad-testarch-nfr/resources/knowledge/test-quality.md","01552faa4496926c4e4badf03ff7c0b17fbf3e5647c3a79348c6e4932602955e"
"md","test-quality","tea","tea/workflows/testarch/bmad-testarch-test-design/resources/knowledge/test-quality.md","01552faa4496926c4e4badf03ff7c0b17fbf3e5647c3a79348c6e4932602955e"
"md","test-quality","tea","tea/workflows/testarch/bmad-testarch-test-review/resources/knowledge/test-quality.md","01552faa4496926c4e4badf03ff7c0b17fbf3e5647c3a79348c6e4932602955e"
"md","test-quality","tea","tea/workflows/testarch/bmad-testarch-trace/resources/knowledge/test-quality.md","01552faa4496926c4e4badf03ff7c0b17fbf3e5647c3a79348c6e4932602955e"
"md","test-review-template","tea","tea/workflows/testarch/bmad-testarch-test-review/test-review-template.md","5bcfec226fd84487de21d1db6386c4b3eba613103afd2afa295cfd06e7967e4a"
"md","timing-debugging","tea","tea/agents/bmad-tea/resources/knowledge/timing-debugging.md","74304e8e924f1ae21be4edcdea149442a8ee1d5ad23a5388dc32c0cf3f8135e7"
"md","timing-debugging","tea","tea/workflows/testarch/bmad-testarch-atdd/resources/knowledge/timing-debugging.md","74304e8e924f1ae21be4edcdea149442a8ee1d5ad23a5388dc32c0cf3f8135e7"
"md","timing-debugging","tea","tea/workflows/testarch/bmad-testarch-automate/resources/knowledge/timing-debugging.md","74304e8e924f1ae21be4edcdea149442a8ee1d5ad23a5388dc32c0cf3f8135e7"
"md","timing-debugging","tea","tea/workflows/testarch/bmad-testarch-ci/resources/knowledge/timing-debugging.md","74304e8e924f1ae21be4edcdea149442a8ee1d5ad23a5388dc32c0cf3f8135e7"
"md","timing-debugging","tea","tea/workflows/testarch/bmad-testarch-framework/resources/knowledge/timing-debugging.md","74304e8e924f1ae21be4edcdea149442a8ee1d5ad23a5388dc32c0cf3f8135e7"
"md","timing-debugging","tea","tea/workflows/testarch/bmad-testarch-nfr/resources/knowledge/timing-debugging.md","74304e8e924f1ae21be4edcdea149442a8ee1d5ad23a5388dc32c0cf3f8135e7"
"md","timing-debugging","tea","tea/workflows/testarch/bmad-testarch-test-design/resources/knowledge/timing-debugging.md","74304e8e924f1ae21be4edcdea149442a8ee1d5ad23a5388dc32c0cf3f8135e7"
"md","timing-debugging","tea","tea/workflows/testarch/bmad-testarch-test-review/resources/knowledge/timing-debugging.md","74304e8e924f1ae21be4edcdea149442a8ee1d5ad23a5388dc32c0cf3f8135e7"
"md","timing-debugging","tea","tea/workflows/testarch/bmad-testarch-trace/resources/knowledge/timing-debugging.md","74304e8e924f1ae21be4edcdea149442a8ee1d5ad23a5388dc32c0cf3f8135e7"
"md","trace-template","tea","tea/workflows/testarch/bmad-testarch-trace/trace-template.md","d58d9e9de635bb9eebf3a449fe66aa99e998256187204bac59033d5603d8ec24"
"md","validation-report-20260127-095021","tea","tea/workflows/testarch/bmad-testarch-atdd/validation-report-20260127-095021.md","8ad16b678e08ec75a41bc2893db7ae8ad2be8cf229d9c8393b45fba310161e04"
"md","validation-report-20260127-095021","tea","tea/workflows/testarch/bmad-testarch-automate/validation-report-20260127-095021.md","76003bc6af51d5d5fa99ab5e4f2762f521f49b5543789399b8b56b917e6c3ae4"
"md","validation-report-20260127-095021","tea","tea/workflows/testarch/bmad-testarch-ci/validation-report-20260127-095021.md","510e83e1909f93be68d337284e56e129a97b81d529ed37231d6b2f62c8e3de31"
"md","validation-report-20260127-095021","tea","tea/workflows/testarch/bmad-testarch-framework/validation-report-20260127-095021.md","0ffbf0dd8732a2d43825235965670b6f8255a06a131caeb92f8f6afad22240ad"
"md","validation-report-20260127-095021","tea","tea/workflows/testarch/bmad-testarch-nfr/validation-report-20260127-095021.md","c0e196e2fa452cce54d1b82da1501d58eb7f6509885da1879bcd316634764f68"
"md","validation-report-20260127-095021","tea","tea/workflows/testarch/bmad-testarch-test-design/validation-report-20260127-095021.md","2c9df60896256ea91555fcdcb3c3d5b38d47003fa0d5b1216466a6599b53d0ed"
"md","validation-report-20260127-095021","tea","tea/workflows/testarch/bmad-testarch-test-review/validation-report-20260127-095021.md","e3c761b0beb35bedf5be5170725571eb60a8d0853d219aa6c2cbf7548b058dc0"
"md","validation-report-20260127-095021","tea","tea/workflows/testarch/bmad-testarch-trace/validation-report-20260127-095021.md","4c3df5b3b9fb51dec9110094a9b073391c1f0befd5a5bd11ee3b681655581198"
"md","validation-report-20260127-102401","tea","tea/workflows/testarch/bmad-testarch-atdd/validation-report-20260127-102401.md","7660056ce91586ee251521f2afd70a37d8fde92c269d1ae0006165982aa798ed"
"md","validation-report-20260127-102401","tea","tea/workflows/testarch/bmad-testarch-automate/validation-report-20260127-102401.md","d771deda210ff0e247096c8d34acf3cb65a997a352d0e2b6b534b98b8257e12f"
"md","validation-report-20260127-102401","tea","tea/workflows/testarch/bmad-testarch-ci/validation-report-20260127-102401.md","d45297159f142aefcf2370174a30cd85f4e2b58598146ca8d34281a66a218c88"
"md","validation-report-20260127-102401","tea","tea/workflows/testarch/bmad-testarch-framework/validation-report-20260127-102401.md","42da2d087d43f5d17bc75b11c57090cf43edf1f6b6f5fc422cf8b31eca697a29"
"md","validation-report-20260127-102401","tea","tea/workflows/testarch/bmad-testarch-nfr/validation-report-20260127-102401.md","571818b6acd85778e6b5bb725c93db86e5c3854644b806cc341ed8d7b299247e"
"md","validation-report-20260127-102401","tea","tea/workflows/testarch/bmad-testarch-test-design/validation-report-20260127-102401.md","a3f1a46ee45c25a0b8594f1c0680473c360ff5f234e22e342074f0d795c1916d"
"md","validation-report-20260127-102401","tea","tea/workflows/testarch/bmad-testarch-test-review/validation-report-20260127-102401.md","ef89f3a406cc7cca093ef12054cc0e5b23d3f17acba065130e1bf88520945fe4"
"md","validation-report-20260127-102401","tea","tea/workflows/testarch/bmad-testarch-trace/validation-report-20260127-102401.md","41c2741d65c4ba9a05cfa7ce9c44c97670abda4b2dd2c6f5303fd13584bb35d9"
"md","visual-debugging","tea","tea/agents/bmad-tea/resources/knowledge/visual-debugging.md","c06729b0a8e278800fea1e3b195b1f9f644fe8ba3ed027e48d995157b638e557"
"md","visual-debugging","tea","tea/workflows/testarch/bmad-testarch-atdd/resources/knowledge/visual-debugging.md","c06729b0a8e278800fea1e3b195b1f9f644fe8ba3ed027e48d995157b638e557"
"md","visual-debugging","tea","tea/workflows/testarch/bmad-testarch-automate/resources/knowledge/visual-debugging.md","c06729b0a8e278800fea1e3b195b1f9f644fe8ba3ed027e48d995157b638e557"
"md","visual-debugging","tea","tea/workflows/testarch/bmad-testarch-ci/resources/knowledge/visual-debugging.md","c06729b0a8e278800fea1e3b195b1f9f644fe8ba3ed027e48d995157b638e557"
"md","visual-debugging","tea","tea/workflows/testarch/bmad-testarch-framework/resources/knowledge/visual-debugging.md","c06729b0a8e278800fea1e3b195b1f9f644fe8ba3ed027e48d995157b638e557"
"md","visual-debugging","tea","tea/workflows/testarch/bmad-testarch-nfr/resources/knowledge/visual-debugging.md","c06729b0a8e278800fea1e3b195b1f9f644fe8ba3ed027e48d995157b638e557"
"md","visual-debugging","tea","tea/workflows/testarch/bmad-testarch-test-design/resources/knowledge/visual-debugging.md","c06729b0a8e278800fea1e3b195b1f9f644fe8ba3ed027e48d995157b638e557"
"md","visual-debugging","tea","tea/workflows/testarch/bmad-testarch-test-review/resources/knowledge/visual-debugging.md","c06729b0a8e278800fea1e3b195b1f9f644fe8ba3ed027e48d995157b638e557"
"md","visual-debugging","tea","tea/workflows/testarch/bmad-testarch-trace/resources/knowledge/visual-debugging.md","c06729b0a8e278800fea1e3b195b1f9f644fe8ba3ed027e48d995157b638e557"
"md","workflow","tea","tea/workflows/testarch/bmad-teach-me-testing/workflow.md","d9d6450f9683ed47e774afe0784a934324fef7d8e27a748bce0a960f65c3a920"
"md","workflow","tea","tea/workflows/testarch/bmad-testarch-atdd/workflow.md","7e2c4376a7c8ca882119ffba2d37efcc2be0dba825ed6bf170f2e48a94db8521"
"md","workflow","tea","tea/workflows/testarch/bmad-testarch-automate/workflow.md","0e53a8b4e2ba998ebc29dfbc3fc90763cb167518a38495fd90d09deab900bfb0"
"md","workflow","tea","tea/workflows/testarch/bmad-testarch-ci/workflow.md","44ec806cf6085b71b42a384c72b2fc4d17d4b540933a499bfc633e251f19507d"
"md","workflow","tea","tea/workflows/testarch/bmad-testarch-framework/workflow.md","4ac7e25c996e13ba786dad14de093f10732f7c4874df9117e7ad5f4eec5b792b"
"md","workflow","tea","tea/workflows/testarch/bmad-testarch-nfr/workflow.md","1f363ab534d00a2b559cf3a90129963fe4b91d6d0b75c1d2e4c9a794dbb6c324"
"md","workflow","tea","tea/workflows/testarch/bmad-testarch-test-design/workflow.md","654c8555cf73c7bc2a2f8cc7800f0b5440b3a027d2d385e420f7a7ea18a8cc03"
"md","workflow","tea","tea/workflows/testarch/bmad-testarch-test-review/workflow.md","04857f0d2bbf8ff8ecdb6579c100ed0781455506817565ac660217ed29506fef"
"md","workflow","tea","tea/workflows/testarch/bmad-testarch-trace/workflow.md","3b1d245438f1365cc1cc9a71ca3d8f7e7f34c62cea69b60ec43d84b1c9a9023b"
"md","workflow-plan","tea","tea/workflows/testarch/bmad-testarch-atdd/workflow-plan.md","28b265f8a3b950a92454632a0d78faa3a40b096f85714187455ab5d495787437"
"md","workflow-plan","tea","tea/workflows/testarch/bmad-testarch-automate/workflow-plan.md","cd569f2f23791b3223778af6461492f02909ae029ce14899feaf4f9e112f2956"
"md","workflow-plan","tea","tea/workflows/testarch/bmad-testarch-ci/workflow-plan.md","98c0a7ffdc946500c4cf5358ba99559f59c6cbc9c09154d8e477a87b90891952"
"md","workflow-plan","tea","tea/workflows/testarch/bmad-testarch-framework/workflow-plan.md","a3f83191c092720228f5f9f6e17c97b1eed0967f58bb1b7e54c51b0ca6e49221"
"md","workflow-plan","tea","tea/workflows/testarch/bmad-testarch-nfr/workflow-plan.md","968c84d8ea3e2ea6b248d2298aff79bc1b00ecab34113ab61ead788cc4f6a1d2"
"md","workflow-plan","tea","tea/workflows/testarch/bmad-testarch-test-design/workflow-plan.md","981e2c1fe7c701ad33e52ed62a691d747ec8b6b2a5c20637c4d4314914e49470"
"md","workflow-plan","tea","tea/workflows/testarch/bmad-testarch-test-review/workflow-plan.md","f92e323bb2a786edc3e2377325c3f7efd2cfdebe27a36f9bc94b0cc8149c08f6"
"md","workflow-plan","tea","tea/workflows/testarch/bmad-testarch-trace/workflow-plan.md","b021c4f55d751b14c96853f1559fb3a6eb044608c4a39ea56bde0ef5d6869692"
"md","workflow-plan-teach-me-testing","tea","tea/workflows/testarch/bmad-teach-me-testing/workflow-plan-teach-me-testing.md","4839043f08f7f7c4fb0d5fbfe555b82bd4f4d0c84b6b9487d5078a5ffc3684e3"
"yaml","azure-pipelines-template","tea","tea/workflows/testarch/bmad-testarch-ci/azure-pipelines-template.yaml","d4e48de5edc5603872995a15289c736a26cee61b1f0c634fef2c7e957deadb3d"
"yaml","bmad-skill-manifest","tea","tea/agents/bmad-tea/bmad-skill-manifest.yaml","4f8a9ef4c1493607ef09135eef6fc07768d3e0029ad15512629508010dc735c5"
"yaml","bmad-skill-manifest","tea","tea/workflows/testarch/bmad-teach-me-testing/bmad-skill-manifest.yaml","fba78c307309490c064510a2d87d29e608120d600a705fd1d6b110adbdb68e63"
"yaml","bmad-skill-manifest","tea","tea/workflows/testarch/bmad-testarch-atdd/bmad-skill-manifest.yaml","fba78c307309490c064510a2d87d29e608120d600a705fd1d6b110adbdb68e63"
"yaml","bmad-skill-manifest","tea","tea/workflows/testarch/bmad-testarch-automate/bmad-skill-manifest.yaml","fba78c307309490c064510a2d87d29e608120d600a705fd1d6b110adbdb68e63"
"yaml","bmad-skill-manifest","tea","tea/workflows/testarch/bmad-testarch-ci/bmad-skill-manifest.yaml","fba78c307309490c064510a2d87d29e608120d600a705fd1d6b110adbdb68e63"
"yaml","bmad-skill-manifest","tea","tea/workflows/testarch/bmad-testarch-framework/bmad-skill-manifest.yaml","fba78c307309490c064510a2d87d29e608120d600a705fd1d6b110adbdb68e63"
"yaml","bmad-skill-manifest","tea","tea/workflows/testarch/bmad-testarch-nfr/bmad-skill-manifest.yaml","fba78c307309490c064510a2d87d29e608120d600a705fd1d6b110adbdb68e63"
"yaml","bmad-skill-manifest","tea","tea/workflows/testarch/bmad-testarch-test-design/bmad-skill-manifest.yaml","fba78c307309490c064510a2d87d29e608120d600a705fd1d6b110adbdb68e63"
"yaml","bmad-skill-manifest","tea","tea/workflows/testarch/bmad-testarch-test-review/bmad-skill-manifest.yaml","fba78c307309490c064510a2d87d29e608120d600a705fd1d6b110adbdb68e63"
"yaml","bmad-skill-manifest","tea","tea/workflows/testarch/bmad-testarch-trace/bmad-skill-manifest.yaml","fba78c307309490c064510a2d87d29e608120d600a705fd1d6b110adbdb68e63"
"yaml","config","tea","tea/config.yaml","6fe381f6756a48f1978264f230ea6d5b8ce31473e4898b491b416bd71b69cba5"
"yaml","curriculum","tea","tea/workflows/testarch/bmad-teach-me-testing/data/curriculum.yaml","a8789962a37cb628a471e695058099a57765a5c59640107a18160e089c8869f7"
"yaml","github-actions-template","tea","tea/workflows/testarch/bmad-testarch-ci/github-actions-template.yaml","ab958973e3db5f207c02aca9382f918754d516bf1c93b6aae3b17174210e84d3"
"yaml","gitlab-ci-template","tea","tea/workflows/testarch/bmad-testarch-ci/gitlab-ci-template.yaml","a5b151216164f463fc5dd5f23087a361cdfd60a67e0b150be962c18323ef75fe"
"yaml","harness-pipeline-template","tea","tea/workflows/testarch/bmad-testarch-ci/harness-pipeline-template.yaml","d6deb2934143fd04ec71789cb43be9227bf40a91f527b1997233e27a346d5cc7"
"yaml","progress-template","tea","tea/workflows/testarch/bmad-teach-me-testing/templates/progress-template.yaml","4220c120a19dda4ee3c9a1e9b7cccd3f0a32016c553f58722fcc69d4dafac202"
"yaml","quiz-questions","tea","tea/workflows/testarch/bmad-teach-me-testing/data/quiz-questions.yaml","a308173a406edb8f2ab05d373640565c2f677463cdbcbae866ce5c811ce121c7"
"yaml","role-paths","tea","tea/workflows/testarch/bmad-teach-me-testing/data/role-paths.yaml","8cc2b2ae0f6fe1d5230702813de078a042ce228e23a184a17bff314cb9f7df2c"
"yaml","session-content-map","tea","tea/workflows/testarch/bmad-teach-me-testing/data/session-content-map.yaml","1d50fccb889a8dc6c5e471d18abd3340cab6043e59ac44e1b7428ec63a3766a6"
"yaml","tea-resources-index","tea","tea/workflows/testarch/bmad-teach-me-testing/data/tea-resources-index.yaml","75af9a9046b5aeb33861dd693b2a8b38a16946a953136c1a56d3b2647812a1ea"
"yaml","workflow","tea","tea/workflows/testarch/bmad-testarch-atdd/workflow.yaml","ffd8e91c8e2f0b69606073021c30b96691b51ad4fcf2adfaad3784f372cf0d14"
"yaml","workflow","tea","tea/workflows/testarch/bmad-testarch-automate/workflow.yaml","31aa0de4052cbe9897d830fca64e75b1ad02619b5fea0e47bd6187a67b42f37e"
"yaml","workflow","tea","tea/workflows/testarch/bmad-testarch-ci/workflow.yaml","2b0dcde0dfcd0756f3d4ffb5d15f645b6972fce37807cfaf74c120d89bfa111a"
"yaml","workflow","tea","tea/workflows/testarch/bmad-testarch-framework/workflow.yaml","96bd1a10c3f9b02aa16b5c6e449e31091e3b89c1ea11a587fd111383d7fd81fc"
"yaml","workflow","tea","tea/workflows/testarch/bmad-testarch-nfr/workflow.yaml","3c6d34a1e445788ab3e53e9516826a0edd0376e4623da0961453270064356f7d"
"yaml","workflow","tea","tea/workflows/testarch/bmad-testarch-test-design/workflow.yaml","28ee3aa36cb61e425073567cbb380ba8d2b6ade33db983fd122af4ec58d2bc12"
"yaml","workflow","tea","tea/workflows/testarch/bmad-testarch-test-review/workflow.yaml","f9f22380b038a4bdf8dbbbf56d7102c8082362aa00d56199b9b18bc6944f7339"
"yaml","workflow","tea","tea/workflows/testarch/bmad-testarch-trace/workflow.yaml","911ff31fab73ade6d95c3e798f560104e2fd3f4c0d0ae3c142d63d74a1f70bcd"
